--------------------------------------------------------
--  File created - Sunday-November-26-2017   
--------------------------------------------------------
--------------------------------------------------------
--  DDL for Table BB_EMPLOYEE
--------------------------------------------------------

  CREATE TABLE "BLOODBANK"."BB_EMPLOYEE" 
   (	"BBE_ID" VARCHAR2(15 BYTE), 
	"BB_ID" VARCHAR2(15 BYTE), 
	"USER_ID" VARCHAR2(15 BYTE)
   ) SEGMENT CREATION IMMEDIATE 
  PCTFREE 10 PCTUSED 40 INITRANS 1 MAXTRANS 255 NOCOMPRESS LOGGING
  STORAGE(INITIAL 65536 NEXT 1048576 MINEXTENTS 1 MAXEXTENTS 2147483645
  PCTINCREASE 0 FREELISTS 1 FREELIST GROUPS 1 BUFFER_POOL DEFAULT FLASH_CACHE DEFAULT CELL_FLASH_CACHE DEFAULT)
  TABLESPACE "USERS" ;
--------------------------------------------------------
--  DDL for Table BLOOD_BANK
--------------------------------------------------------

  CREATE TABLE "BLOODBANK"."BLOOD_BANK" 
   (	"BB_ID" VARCHAR2(15 BYTE), 
	"BB_NAME" VARCHAR2(50 BYTE), 
	"STATE_ID" VARCHAR2(15 BYTE), 
	"CITY_ID" VARCHAR2(15 BYTE), 
	"LOC_ID" VARCHAR2(15 BYTE), 
	"CONTACT" VARCHAR2(10 BYTE), 
	"STATUS" VARCHAR2(10 BYTE), 
	"CREATED_BY" VARCHAR2(15 BYTE), 
	"CREATED_DATE" DATE, 
	"DELETED" VARCHAR2(10 BYTE)
   ) SEGMENT CREATION IMMEDIATE 
  PCTFREE 10 PCTUSED 40 INITRANS 1 MAXTRANS 255 NOCOMPRESS LOGGING
  STORAGE(INITIAL 65536 NEXT 1048576 MINEXTENTS 1 MAXEXTENTS 2147483645
  PCTINCREASE 0 FREELISTS 1 FREELIST GROUPS 1 BUFFER_POOL DEFAULT FLASH_CACHE DEFAULT CELL_FLASH_CACHE DEFAULT)
  TABLESPACE "USERS" ;
--------------------------------------------------------
--  DDL for Table BLOOD_REQUEST
--------------------------------------------------------

  CREATE TABLE "BLOODBANK"."BLOOD_REQUEST" 
   (	"BR_ID" VARCHAR2(15 BYTE), 
	"REG_ID" VARCHAR2(15 BYTE), 
	"BB_ID" VARCHAR2(15 BYTE), 
	"CONTACT" VARCHAR2(10 BYTE), 
	"BLD_GROUP" VARCHAR2(20 BYTE), 
	"QTY" NUMBER, 
	"REQ_STATUS" VARCHAR2(20 BYTE), 
	"REQ_DATE" DATE, 
	"ASSIGNTO_EMP" VARCHAR2(20 BYTE)
   ) SEGMENT CREATION IMMEDIATE 
  PCTFREE 10 PCTUSED 40 INITRANS 1 MAXTRANS 255 NOCOMPRESS LOGGING
  STORAGE(INITIAL 65536 NEXT 1048576 MINEXTENTS 1 MAXEXTENTS 2147483645
  PCTINCREASE 0 FREELISTS 1 FREELIST GROUPS 1 BUFFER_POOL DEFAULT FLASH_CACHE DEFAULT CELL_FLASH_CACHE DEFAULT)
  TABLESPACE "USERS" ;
--------------------------------------------------------
--  DDL for Table BLOODDONATION_HISTORY
--------------------------------------------------------

  CREATE TABLE "BLOODBANK"."BLOODDONATION_HISTORY" 
   (	"BDH_ID" VARCHAR2(15 BYTE), 
	"REG_ID" VARCHAR2(15 BYTE), 
	"NAME" VARCHAR2(50 BYTE), 
	"BB_ID" VARCHAR2(15 BYTE), 
	"BGROUP" VARCHAR2(20 BYTE), 
	"QTY" VARCHAR2(20 BYTE)
   ) SEGMENT CREATION IMMEDIATE 
  PCTFREE 10 PCTUSED 40 INITRANS 1 MAXTRANS 255 NOCOMPRESS LOGGING
  STORAGE(INITIAL 65536 NEXT 1048576 MINEXTENTS 1 MAXEXTENTS 2147483645
  PCTINCREASE 0 FREELISTS 1 FREELIST GROUPS 1 BUFFER_POOL DEFAULT FLASH_CACHE DEFAULT CELL_FLASH_CACHE DEFAULT)
  TABLESPACE "USERS" ;
--------------------------------------------------------
--  DDL for Table CITY_INFO
--------------------------------------------------------

  CREATE TABLE "BLOODBANK"."CITY_INFO" 
   (	"CITY_ID" VARCHAR2(15 BYTE), 
	"CITY_NAME" VARCHAR2(50 BYTE), 
	"STATE_ID" VARCHAR2(15 BYTE)
   ) SEGMENT CREATION IMMEDIATE 
  PCTFREE 10 PCTUSED 40 INITRANS 1 MAXTRANS 255 NOCOMPRESS LOGGING
  STORAGE(INITIAL 65536 NEXT 1048576 MINEXTENTS 1 MAXEXTENTS 2147483645
  PCTINCREASE 0 FREELISTS 1 FREELIST GROUPS 1 BUFFER_POOL DEFAULT FLASH_CACHE DEFAULT CELL_FLASH_CACHE DEFAULT)
  TABLESPACE "USERS" ;
--------------------------------------------------------
--  DDL for Table DEMO_CUSTOMERS
--------------------------------------------------------

  CREATE TABLE "BLOODBANK"."DEMO_CUSTOMERS" 
   (	"CUSTOMER_ID" NUMBER, 
	"CUST_FIRST_NAME" VARCHAR2(20 BYTE), 
	"CUST_LAST_NAME" VARCHAR2(20 BYTE), 
	"CUST_STREET_ADDRESS1" VARCHAR2(60 BYTE), 
	"CUST_STREET_ADDRESS2" VARCHAR2(60 BYTE), 
	"CUST_CITY" VARCHAR2(30 BYTE), 
	"CUST_STATE" VARCHAR2(2 BYTE), 
	"CUST_POSTAL_CODE" VARCHAR2(10 BYTE), 
	"PHONE_NUMBER1" VARCHAR2(25 BYTE), 
	"PHONE_NUMBER2" VARCHAR2(25 BYTE), 
	"CREDIT_LIMIT" NUMBER(9,2), 
	"CUST_EMAIL" VARCHAR2(30 BYTE)
   ) SEGMENT CREATION IMMEDIATE 
  PCTFREE 10 PCTUSED 40 INITRANS 1 MAXTRANS 255 NOCOMPRESS LOGGING
  STORAGE(INITIAL 65536 NEXT 1048576 MINEXTENTS 1 MAXEXTENTS 2147483645
  PCTINCREASE 0 FREELISTS 1 FREELIST GROUPS 1 BUFFER_POOL DEFAULT FLASH_CACHE DEFAULT CELL_FLASH_CACHE DEFAULT)
  TABLESPACE "USERS" ;
--------------------------------------------------------
--  DDL for Table DEMO_ORDER_ITEMS
--------------------------------------------------------

  CREATE TABLE "BLOODBANK"."DEMO_ORDER_ITEMS" 
   (	"ORDER_ITEM_ID" NUMBER(3,0), 
	"ORDER_ID" NUMBER, 
	"PRODUCT_ID" NUMBER, 
	"UNIT_PRICE" NUMBER(8,2), 
	"QUANTITY" NUMBER(8,0)
   ) SEGMENT CREATION IMMEDIATE 
  PCTFREE 10 PCTUSED 40 INITRANS 1 MAXTRANS 255 NOCOMPRESS LOGGING
  STORAGE(INITIAL 65536 NEXT 1048576 MINEXTENTS 1 MAXEXTENTS 2147483645
  PCTINCREASE 0 FREELISTS 1 FREELIST GROUPS 1 BUFFER_POOL DEFAULT FLASH_CACHE DEFAULT CELL_FLASH_CACHE DEFAULT)
  TABLESPACE "USERS" ;
--------------------------------------------------------
--  DDL for Table DEMO_ORDERS
--------------------------------------------------------

  CREATE TABLE "BLOODBANK"."DEMO_ORDERS" 
   (	"ORDER_ID" NUMBER, 
	"CUSTOMER_ID" NUMBER, 
	"ORDER_TOTAL" NUMBER(8,2), 
	"ORDER_TIMESTAMP" DATE, 
	"USER_ID" NUMBER
   ) SEGMENT CREATION IMMEDIATE 
  PCTFREE 10 PCTUSED 40 INITRANS 1 MAXTRANS 255 NOCOMPRESS LOGGING
  STORAGE(INITIAL 65536 NEXT 1048576 MINEXTENTS 1 MAXEXTENTS 2147483645
  PCTINCREASE 0 FREELISTS 1 FREELIST GROUPS 1 BUFFER_POOL DEFAULT FLASH_CACHE DEFAULT CELL_FLASH_CACHE DEFAULT)
  TABLESPACE "USERS" ;
--------------------------------------------------------
--  DDL for Table DEMO_PRODUCT_INFO
--------------------------------------------------------

  CREATE TABLE "BLOODBANK"."DEMO_PRODUCT_INFO" 
   (	"PRODUCT_ID" NUMBER, 
	"PRODUCT_NAME" VARCHAR2(50 BYTE), 
	"PRODUCT_DESCRIPTION" VARCHAR2(2000 BYTE), 
	"CATEGORY" VARCHAR2(30 BYTE), 
	"PRODUCT_AVAIL" VARCHAR2(1 BYTE), 
	"LIST_PRICE" NUMBER(8,2), 
	"PRODUCT_IMAGE" BLOB, 
	"MIMETYPE" VARCHAR2(255 BYTE), 
	"FILENAME" VARCHAR2(400 BYTE), 
	"IMAGE_LAST_UPDATE" DATE
   ) SEGMENT CREATION IMMEDIATE 
  PCTFREE 10 PCTUSED 40 INITRANS 1 MAXTRANS 255 NOCOMPRESS LOGGING
  STORAGE(INITIAL 65536 NEXT 1048576 MINEXTENTS 1 MAXEXTENTS 2147483645
  PCTINCREASE 0 FREELISTS 1 FREELIST GROUPS 1 BUFFER_POOL DEFAULT FLASH_CACHE DEFAULT CELL_FLASH_CACHE DEFAULT)
  TABLESPACE "USERS" 
 LOB ("PRODUCT_IMAGE") STORE AS BASICFILE (
  TABLESPACE "USERS" ENABLE STORAGE IN ROW CHUNK 8192 RETENTION 
  NOCACHE LOGGING 
  STORAGE(INITIAL 65536 NEXT 1048576 MINEXTENTS 1 MAXEXTENTS 2147483645
  PCTINCREASE 0 FREELISTS 1 FREELIST GROUPS 1 BUFFER_POOL DEFAULT FLASH_CACHE DEFAULT CELL_FLASH_CACHE DEFAULT)) ;
--------------------------------------------------------
--  DDL for Table DEMO_STATES
--------------------------------------------------------

  CREATE TABLE "BLOODBANK"."DEMO_STATES" 
   (	"ST" VARCHAR2(30 BYTE), 
	"STATE_NAME" VARCHAR2(30 BYTE)
   ) SEGMENT CREATION IMMEDIATE 
  PCTFREE 10 PCTUSED 40 INITRANS 1 MAXTRANS 255 NOCOMPRESS LOGGING
  STORAGE(INITIAL 65536 NEXT 1048576 MINEXTENTS 1 MAXEXTENTS 2147483645
  PCTINCREASE 0 FREELISTS 1 FREELIST GROUPS 1 BUFFER_POOL DEFAULT FLASH_CACHE DEFAULT CELL_FLASH_CACHE DEFAULT)
  TABLESPACE "USERS" ;
--------------------------------------------------------
--  DDL for Table DEMO_USERS
--------------------------------------------------------

  CREATE TABLE "BLOODBANK"."DEMO_USERS" 
   (	"USER_ID" NUMBER, 
	"USER_NAME" VARCHAR2(100 BYTE), 
	"PASSWORD" VARCHAR2(4000 BYTE), 
	"CREATED_ON" DATE, 
	"QUOTA" NUMBER, 
	"PRODUCTS" CHAR(1 BYTE), 
	"EXPIRES_ON" DATE, 
	"ADMIN_USER" CHAR(1 BYTE)
   ) SEGMENT CREATION IMMEDIATE 
  PCTFREE 10 PCTUSED 40 INITRANS 1 MAXTRANS 255 NOCOMPRESS LOGGING
  STORAGE(INITIAL 65536 NEXT 1048576 MINEXTENTS 1 MAXEXTENTS 2147483645
  PCTINCREASE 0 FREELISTS 1 FREELIST GROUPS 1 BUFFER_POOL DEFAULT FLASH_CACHE DEFAULT CELL_FLASH_CACHE DEFAULT)
  TABLESPACE "USERS" ;
--------------------------------------------------------
--  DDL for Table DEPT
--------------------------------------------------------

  CREATE TABLE "BLOODBANK"."DEPT" 
   (	"DEPTNO" NUMBER(2,0), 
	"DNAME" VARCHAR2(14 BYTE), 
	"LOC" VARCHAR2(13 BYTE)
   ) SEGMENT CREATION IMMEDIATE 
  PCTFREE 10 PCTUSED 40 INITRANS 1 MAXTRANS 255 NOCOMPRESS LOGGING
  STORAGE(INITIAL 65536 NEXT 1048576 MINEXTENTS 1 MAXEXTENTS 2147483645
  PCTINCREASE 0 FREELISTS 1 FREELIST GROUPS 1 BUFFER_POOL DEFAULT FLASH_CACHE DEFAULT CELL_FLASH_CACHE DEFAULT)
  TABLESPACE "USERS" ;
--------------------------------------------------------
--  DDL for Table DONATION
--------------------------------------------------------

  CREATE TABLE "BLOODBANK"."DONATION" 
   (	"D_ID" VARCHAR2(15 BYTE), 
	"REG_ID" VARCHAR2(15 BYTE), 
	"BB_ID" VARCHAR2(15 BYTE), 
	"BGROUP" VARCHAR2(20 BYTE), 
	"QTY" NUMBER, 
	"D_DATE" DATE, 
	"PROCESSED_BY" VARCHAR2(15 BYTE), 
	"STATUS" VARCHAR2(20 BYTE), 
	"AVAILABLITY" VARCHAR2(20 BYTE), 
	"DONATED_QUANTITY" NUMBER
   ) SEGMENT CREATION IMMEDIATE 
  PCTFREE 10 PCTUSED 40 INITRANS 1 MAXTRANS 255 NOCOMPRESS LOGGING
  STORAGE(INITIAL 65536 NEXT 1048576 MINEXTENTS 1 MAXEXTENTS 2147483645
  PCTINCREASE 0 FREELISTS 1 FREELIST GROUPS 1 BUFFER_POOL DEFAULT FLASH_CACHE DEFAULT CELL_FLASH_CACHE DEFAULT)
  TABLESPACE "USERS" ;
--------------------------------------------------------
--  DDL for Table EMP
--------------------------------------------------------

  CREATE TABLE "BLOODBANK"."EMP" 
   (	"EMPNO" NUMBER(4,0), 
	"ENAME" VARCHAR2(10 BYTE), 
	"JOB" VARCHAR2(9 BYTE), 
	"MGR" NUMBER(4,0), 
	"HIREDATE" DATE, 
	"SAL" NUMBER(7,2), 
	"COMM" NUMBER(7,2), 
	"DEPTNO" NUMBER(2,0)
   ) SEGMENT CREATION IMMEDIATE 
  PCTFREE 10 PCTUSED 40 INITRANS 1 MAXTRANS 255 NOCOMPRESS LOGGING
  STORAGE(INITIAL 65536 NEXT 1048576 MINEXTENTS 1 MAXEXTENTS 2147483645
  PCTINCREASE 0 FREELISTS 1 FREELIST GROUPS 1 BUFFER_POOL DEFAULT FLASH_CACHE DEFAULT CELL_FLASH_CACHE DEFAULT)
  TABLESPACE "USERS" ;
--------------------------------------------------------
--  DDL for Table EMPDON_ASSIGNMENT
--------------------------------------------------------

  CREATE TABLE "BLOODBANK"."EMPDON_ASSIGNMENT" 
   (	"EDA_ID" VARCHAR2(15 BYTE), 
	"USER_ID" VARCHAR2(15 BYTE), 
	"EMP_ID" VARCHAR2(15 BYTE), 
	"DONREQ_ID" VARCHAR2(15 BYTE), 
	"MSG" VARCHAR2(1000 BYTE)
   ) SEGMENT CREATION IMMEDIATE 
  PCTFREE 10 PCTUSED 40 INITRANS 1 MAXTRANS 255 NOCOMPRESS LOGGING
  STORAGE(INITIAL 65536 NEXT 1048576 MINEXTENTS 1 MAXEXTENTS 2147483645
  PCTINCREASE 0 FREELISTS 1 FREELIST GROUPS 1 BUFFER_POOL DEFAULT FLASH_CACHE DEFAULT CELL_FLASH_CACHE DEFAULT)
  TABLESPACE "USERS" ;
--------------------------------------------------------
--  DDL for Table EMPREQ_ASSIGNMENT
--------------------------------------------------------

  CREATE TABLE "BLOODBANK"."EMPREQ_ASSIGNMENT" 
   (	"EA_ID" VARCHAR2(15 BYTE), 
	"U_ID" VARCHAR2(15 BYTE), 
	"E_ID" VARCHAR2(15 BYTE), 
	"MSG" VARCHAR2(1000 BYTE), 
	"REQ_ID" VARCHAR2(15 BYTE), 
	"REQ_STATUS" VARCHAR2(20 BYTE), 
	"APP_DATE" VARCHAR2(50 BYTE)
   ) SEGMENT CREATION IMMEDIATE 
  PCTFREE 10 PCTUSED 40 INITRANS 1 MAXTRANS 255 NOCOMPRESS LOGGING
  STORAGE(INITIAL 65536 NEXT 1048576 MINEXTENTS 1 MAXEXTENTS 2147483645
  PCTINCREASE 0 FREELISTS 1 FREELIST GROUPS 1 BUFFER_POOL DEFAULT FLASH_CACHE DEFAULT CELL_FLASH_CACHE DEFAULT)
  TABLESPACE "USERS" ;
--------------------------------------------------------
--  DDL for Table FEEDBACK
--------------------------------------------------------

  CREATE TABLE "BLOODBANK"."FEEDBACK" 
   (	"F_ID" VARCHAR2(15 BYTE), 
	"NAME" VARCHAR2(50 BYTE), 
	"EMAIL" VARCHAR2(50 BYTE), 
	"FEEDBACK" VARCHAR2(2000 BYTE), 
	"INQ_ID" VARCHAR2(15 BYTE)
   ) SEGMENT CREATION IMMEDIATE 
  PCTFREE 10 PCTUSED 40 INITRANS 1 MAXTRANS 255 NOCOMPRESS LOGGING
  STORAGE(INITIAL 65536 NEXT 1048576 MINEXTENTS 1 MAXEXTENTS 2147483645
  PCTINCREASE 0 FREELISTS 1 FREELIST GROUPS 1 BUFFER_POOL DEFAULT FLASH_CACHE DEFAULT CELL_FLASH_CACHE DEFAULT)
  TABLESPACE "USERS" ;
--------------------------------------------------------
--  DDL for Table INQUIRY
--------------------------------------------------------

  CREATE TABLE "BLOODBANK"."INQUIRY" 
   (	"INQ_ID" VARCHAR2(15 BYTE), 
	"INQUIRED_BY" VARCHAR2(50 BYTE), 
	"INQ_SUBJECT" VARCHAR2(100 BYTE), 
	"INQUIRY" VARCHAR2(1000 BYTE), 
	"EMAIL" VARCHAR2(20 BYTE), 
	"INQ_DATE" DATE, 
	"INQ_STATUS" VARCHAR2(20 BYTE)
   ) SEGMENT CREATION IMMEDIATE 
  PCTFREE 10 PCTUSED 40 INITRANS 1 MAXTRANS 255 NOCOMPRESS LOGGING
  STORAGE(INITIAL 65536 NEXT 1048576 MINEXTENTS 1 MAXEXTENTS 2147483645
  PCTINCREASE 0 FREELISTS 1 FREELIST GROUPS 1 BUFFER_POOL DEFAULT FLASH_CACHE DEFAULT CELL_FLASH_CACHE DEFAULT)
  TABLESPACE "USERS" ;
--------------------------------------------------------
--  DDL for Table LOCATION_INFO
--------------------------------------------------------

  CREATE TABLE "BLOODBANK"."LOCATION_INFO" 
   (	"LOC_ID" VARCHAR2(15 BYTE), 
	"LOC_NAME" VARCHAR2(50 BYTE), 
	"CITY_ID" VARCHAR2(50 BYTE), 
	"PIN_CODE" VARCHAR2(6 BYTE)
   ) SEGMENT CREATION IMMEDIATE 
  PCTFREE 10 PCTUSED 40 INITRANS 1 MAXTRANS 255 NOCOMPRESS LOGGING
  STORAGE(INITIAL 65536 NEXT 1048576 MINEXTENTS 1 MAXEXTENTS 2147483645
  PCTINCREASE 0 FREELISTS 1 FREELIST GROUPS 1 BUFFER_POOL DEFAULT FLASH_CACHE DEFAULT CELL_FLASH_CACHE DEFAULT)
  TABLESPACE "USERS" ;
--------------------------------------------------------
--  DDL for Table LOGIN_DETAIL
--------------------------------------------------------

  CREATE TABLE "BLOODBANK"."LOGIN_DETAIL" 
   (	"USER_ID" VARCHAR2(50 BYTE), 
	"PASSWORD" VARCHAR2(50 BYTE), 
	"SEC_QUESTION" VARCHAR2(100 BYTE), 
	"ANSWER" VARCHAR2(50 BYTE), 
	"PROFILE_ID" VARCHAR2(15 BYTE), 
	"USER_ROLE" VARCHAR2(50 BYTE), 
	"STATUS" VARCHAR2(10 BYTE)
   ) SEGMENT CREATION IMMEDIATE 
  PCTFREE 10 PCTUSED 40 INITRANS 1 MAXTRANS 255 NOCOMPRESS LOGGING
  STORAGE(INITIAL 65536 NEXT 1048576 MINEXTENTS 1 MAXEXTENTS 2147483645
  PCTINCREASE 0 FREELISTS 1 FREELIST GROUPS 1 BUFFER_POOL DEFAULT FLASH_CACHE DEFAULT CELL_FLASH_CACHE DEFAULT)
  TABLESPACE "USERS" ;
--------------------------------------------------------
--  DDL for Table REGISTRATION
--------------------------------------------------------

  CREATE TABLE "BLOODBANK"."REGISTRATION" 
   (	"REG_ID" VARCHAR2(15 BYTE), 
	"NAME" VARCHAR2(50 BYTE), 
	"CONTACT" VARCHAR2(10 BYTE), 
	"EMAIL" VARCHAR2(50 BYTE), 
	"BIRTH_DATE" VARCHAR2(20 BYTE), 
	"GENDER" VARCHAR2(5 BYTE), 
	"ADDRESS" VARCHAR2(100 BYTE), 
	"CITY" VARCHAR2(50 BYTE), 
	"STATE" VARCHAR2(50 BYTE), 
	"PINCODE" VARCHAR2(6 BYTE)
   ) SEGMENT CREATION IMMEDIATE 
  PCTFREE 10 PCTUSED 40 INITRANS 1 MAXTRANS 255 NOCOMPRESS LOGGING
  STORAGE(INITIAL 65536 NEXT 1048576 MINEXTENTS 1 MAXEXTENTS 2147483645
  PCTINCREASE 0 FREELISTS 1 FREELIST GROUPS 1 BUFFER_POOL DEFAULT FLASH_CACHE DEFAULT CELL_FLASH_CACHE DEFAULT)
  TABLESPACE "USERS" ;
--------------------------------------------------------
--  DDL for Table STATE_INFO
--------------------------------------------------------

  CREATE TABLE "BLOODBANK"."STATE_INFO" 
   (	"STATE_ID" VARCHAR2(15 BYTE), 
	"STATE_NAME" VARCHAR2(50 BYTE)
   ) SEGMENT CREATION IMMEDIATE 
  PCTFREE 10 PCTUSED 40 INITRANS 1 MAXTRANS 255 NOCOMPRESS LOGGING
  STORAGE(INITIAL 65536 NEXT 1048576 MINEXTENTS 1 MAXEXTENTS 2147483645
  PCTINCREASE 0 FREELISTS 1 FREELIST GROUPS 1 BUFFER_POOL DEFAULT FLASH_CACHE DEFAULT CELL_FLASH_CACHE DEFAULT)
  TABLESPACE "USERS" ;

   COMMENT ON COLUMN "BLOODBANK"."STATE_INFO"."STATE_ID" IS 'State Id';
   COMMENT ON COLUMN "BLOODBANK"."STATE_INFO"."STATE_NAME" IS 'Name of State';
REM INSERTING into BLOODBANK.BB_EMPLOYEE
SET DEFINE OFF;
REM INSERTING into BLOODBANK.BLOOD_BANK
SET DEFINE OFF;
Insert into BLOODBANK.BLOOD_BANK (BB_ID,BB_NAME,STATE_ID,CITY_ID,LOC_ID,CONTACT,STATUS,CREATED_BY,CREATED_DATE,DELETED) values ('BB_ID0000000002','LifeCare','STAT_ID00000001','CITY_ID00000001','LOCN_ID00000002','9796576545','active','REG_ID00000003',to_date('14-09-17','DD-MM-RR'),'no');
Insert into BLOODBANK.BLOOD_BANK (BB_ID,BB_NAME,STATE_ID,CITY_ID,LOC_ID,CONTACT,STATUS,CREATED_BY,CREATED_DATE,DELETED) values ('BB_ID0000000001','BloodCare','STAT_ID00000001','CITY_ID00000001','LOCN_ID00000001','9795469726','active','REG_ID00000003',to_date('14-09-17','DD-MM-RR'),'no');
REM INSERTING into BLOODBANK.BLOOD_REQUEST
SET DEFINE OFF;
Insert into BLOODBANK.BLOOD_REQUEST (BR_ID,REG_ID,BB_ID,CONTACT,BLD_GROUP,QTY,REQ_STATUS,REQ_DATE,ASSIGNTO_EMP) values ('BR_ID0000000001','REG_ID00000002','BB_ID0000000002','9795469726','A_Positive',1,'supplied',to_date('14-09-17','DD-MM-RR'),'assigned');
REM INSERTING into BLOODBANK.BLOODDONATION_HISTORY
SET DEFINE OFF;
REM INSERTING into BLOODBANK.CITY_INFO
SET DEFINE OFF;
Insert into BLOODBANK.CITY_INFO (CITY_ID,CITY_NAME,STATE_ID) values ('CITY_ID00000001','Raebareli','STAT_ID00000001');
Insert into BLOODBANK.CITY_INFO (CITY_ID,CITY_NAME,STATE_ID) values ('CITY_ID00000003','Gorakhpur','STAT_ID00000001');
Insert into BLOODBANK.CITY_INFO (CITY_ID,CITY_NAME,STATE_ID) values ('CITY_ID00000002','Ludhiyana','STAT_ID00000002');
REM INSERTING into BLOODBANK.DEMO_CUSTOMERS
SET DEFINE OFF;
Insert into BLOODBANK.DEMO_CUSTOMERS (CUSTOMER_ID,CUST_FIRST_NAME,CUST_LAST_NAME,CUST_STREET_ADDRESS1,CUST_STREET_ADDRESS2,CUST_CITY,CUST_STATE,CUST_POSTAL_CODE,PHONE_NUMBER1,PHONE_NUMBER2,CREDIT_LIMIT,CUST_EMAIL) values (1,'John','Dulles','45020 Aviation Drive',null,'Sterling','VA','20166','703-555-2143',null,1000,null);
Insert into BLOODBANK.DEMO_CUSTOMERS (CUSTOMER_ID,CUST_FIRST_NAME,CUST_LAST_NAME,CUST_STREET_ADDRESS1,CUST_STREET_ADDRESS2,CUST_CITY,CUST_STATE,CUST_POSTAL_CODE,PHONE_NUMBER1,PHONE_NUMBER2,CREDIT_LIMIT,CUST_EMAIL) values (2,'William','Hartsfield','6000 North Terminal Parkway',null,'Atlanta','GA','30320','404-555-3285',null,1000,null);
Insert into BLOODBANK.DEMO_CUSTOMERS (CUSTOMER_ID,CUST_FIRST_NAME,CUST_LAST_NAME,CUST_STREET_ADDRESS1,CUST_STREET_ADDRESS2,CUST_CITY,CUST_STATE,CUST_POSTAL_CODE,PHONE_NUMBER1,PHONE_NUMBER2,CREDIT_LIMIT,CUST_EMAIL) values (3,'Edward','Logan','1 Harborside Drive',null,'East Boston','MA','02128','617-555-3295',null,1000,null);
Insert into BLOODBANK.DEMO_CUSTOMERS (CUSTOMER_ID,CUST_FIRST_NAME,CUST_LAST_NAME,CUST_STREET_ADDRESS1,CUST_STREET_ADDRESS2,CUST_CITY,CUST_STATE,CUST_POSTAL_CODE,PHONE_NUMBER1,PHONE_NUMBER2,CREDIT_LIMIT,CUST_EMAIL) values (4,'Edward "Butch"','OHare','10000 West OHare',null,'Chicago','IL','60666','773-555-7693',null,1000,null);
Insert into BLOODBANK.DEMO_CUSTOMERS (CUSTOMER_ID,CUST_FIRST_NAME,CUST_LAST_NAME,CUST_STREET_ADDRESS1,CUST_STREET_ADDRESS2,CUST_CITY,CUST_STATE,CUST_POSTAL_CODE,PHONE_NUMBER1,PHONE_NUMBER2,CREDIT_LIMIT,CUST_EMAIL) values (5,'Fiorello','LaGuardia','Hangar Center','Third Floor','Flushing','NY','11371','212-555-3923',null,1000,null);
Insert into BLOODBANK.DEMO_CUSTOMERS (CUSTOMER_ID,CUST_FIRST_NAME,CUST_LAST_NAME,CUST_STREET_ADDRESS1,CUST_STREET_ADDRESS2,CUST_CITY,CUST_STATE,CUST_POSTAL_CODE,PHONE_NUMBER1,PHONE_NUMBER2,CREDIT_LIMIT,CUST_EMAIL) values (6,'Albert','Lambert','10701 Lambert International Blvd.',null,'St. Louis','MO','63145','314-555-4022',null,1000,null);
Insert into BLOODBANK.DEMO_CUSTOMERS (CUSTOMER_ID,CUST_FIRST_NAME,CUST_LAST_NAME,CUST_STREET_ADDRESS1,CUST_STREET_ADDRESS2,CUST_CITY,CUST_STATE,CUST_POSTAL_CODE,PHONE_NUMBER1,PHONE_NUMBER2,CREDIT_LIMIT,CUST_EMAIL) values (7,'Eugene','Bradley','Schoephoester Road',null,'Windsor Locks','CT','06096','860-555-1835',null,1000,null);
REM INSERTING into BLOODBANK.DEMO_ORDER_ITEMS
SET DEFINE OFF;
Insert into BLOODBANK.DEMO_ORDER_ITEMS (ORDER_ITEM_ID,ORDER_ID,PRODUCT_ID,UNIT_PRICE,QUANTITY) values (1,1,1,50,10);
Insert into BLOODBANK.DEMO_ORDER_ITEMS (ORDER_ITEM_ID,ORDER_ID,PRODUCT_ID,UNIT_PRICE,QUANTITY) values (2,1,2,80,8);
Insert into BLOODBANK.DEMO_ORDER_ITEMS (ORDER_ITEM_ID,ORDER_ID,PRODUCT_ID,UNIT_PRICE,QUANTITY) values (3,1,3,150,5);
Insert into BLOODBANK.DEMO_ORDER_ITEMS (ORDER_ITEM_ID,ORDER_ID,PRODUCT_ID,UNIT_PRICE,QUANTITY) values (4,2,1,50,3);
Insert into BLOODBANK.DEMO_ORDER_ITEMS (ORDER_ITEM_ID,ORDER_ID,PRODUCT_ID,UNIT_PRICE,QUANTITY) values (5,2,2,80,3);
Insert into BLOODBANK.DEMO_ORDER_ITEMS (ORDER_ITEM_ID,ORDER_ID,PRODUCT_ID,UNIT_PRICE,QUANTITY) values (6,2,3,150,3);
Insert into BLOODBANK.DEMO_ORDER_ITEMS (ORDER_ITEM_ID,ORDER_ID,PRODUCT_ID,UNIT_PRICE,QUANTITY) values (7,2,4,60,3);
Insert into BLOODBANK.DEMO_ORDER_ITEMS (ORDER_ITEM_ID,ORDER_ID,PRODUCT_ID,UNIT_PRICE,QUANTITY) values (8,2,5,80,3);
Insert into BLOODBANK.DEMO_ORDER_ITEMS (ORDER_ITEM_ID,ORDER_ID,PRODUCT_ID,UNIT_PRICE,QUANTITY) values (9,2,6,120,2);
Insert into BLOODBANK.DEMO_ORDER_ITEMS (ORDER_ITEM_ID,ORDER_ID,PRODUCT_ID,UNIT_PRICE,QUANTITY) values (10,2,7,30,2);
Insert into BLOODBANK.DEMO_ORDER_ITEMS (ORDER_ITEM_ID,ORDER_ID,PRODUCT_ID,UNIT_PRICE,QUANTITY) values (11,2,8,125,4);
Insert into BLOODBANK.DEMO_ORDER_ITEMS (ORDER_ITEM_ID,ORDER_ID,PRODUCT_ID,UNIT_PRICE,QUANTITY) values (12,2,9,110,2);
Insert into BLOODBANK.DEMO_ORDER_ITEMS (ORDER_ITEM_ID,ORDER_ID,PRODUCT_ID,UNIT_PRICE,QUANTITY) values (13,2,10,50,2);
Insert into BLOODBANK.DEMO_ORDER_ITEMS (ORDER_ITEM_ID,ORDER_ID,PRODUCT_ID,UNIT_PRICE,QUANTITY) values (14,3,4,60,4);
Insert into BLOODBANK.DEMO_ORDER_ITEMS (ORDER_ITEM_ID,ORDER_ID,PRODUCT_ID,UNIT_PRICE,QUANTITY) values (15,3,5,80,4);
Insert into BLOODBANK.DEMO_ORDER_ITEMS (ORDER_ITEM_ID,ORDER_ID,PRODUCT_ID,UNIT_PRICE,QUANTITY) values (16,3,6,120,4);
Insert into BLOODBANK.DEMO_ORDER_ITEMS (ORDER_ITEM_ID,ORDER_ID,PRODUCT_ID,UNIT_PRICE,QUANTITY) values (17,3,8,125,4);
Insert into BLOODBANK.DEMO_ORDER_ITEMS (ORDER_ITEM_ID,ORDER_ID,PRODUCT_ID,UNIT_PRICE,QUANTITY) values (18,3,10,50,2);
Insert into BLOODBANK.DEMO_ORDER_ITEMS (ORDER_ITEM_ID,ORDER_ID,PRODUCT_ID,UNIT_PRICE,QUANTITY) values (19,4,6,120,2);
Insert into BLOODBANK.DEMO_ORDER_ITEMS (ORDER_ITEM_ID,ORDER_ID,PRODUCT_ID,UNIT_PRICE,QUANTITY) values (20,4,7,30,6);
Insert into BLOODBANK.DEMO_ORDER_ITEMS (ORDER_ITEM_ID,ORDER_ID,PRODUCT_ID,UNIT_PRICE,QUANTITY) values (21,4,8,125,2);
Insert into BLOODBANK.DEMO_ORDER_ITEMS (ORDER_ITEM_ID,ORDER_ID,PRODUCT_ID,UNIT_PRICE,QUANTITY) values (22,4,9,110,2);
Insert into BLOODBANK.DEMO_ORDER_ITEMS (ORDER_ITEM_ID,ORDER_ID,PRODUCT_ID,UNIT_PRICE,QUANTITY) values (23,4,10,50,4);
Insert into BLOODBANK.DEMO_ORDER_ITEMS (ORDER_ITEM_ID,ORDER_ID,PRODUCT_ID,UNIT_PRICE,QUANTITY) values (24,5,1,50,3);
Insert into BLOODBANK.DEMO_ORDER_ITEMS (ORDER_ITEM_ID,ORDER_ID,PRODUCT_ID,UNIT_PRICE,QUANTITY) values (25,5,2,80,2);
Insert into BLOODBANK.DEMO_ORDER_ITEMS (ORDER_ITEM_ID,ORDER_ID,PRODUCT_ID,UNIT_PRICE,QUANTITY) values (26,5,3,150,2);
Insert into BLOODBANK.DEMO_ORDER_ITEMS (ORDER_ITEM_ID,ORDER_ID,PRODUCT_ID,UNIT_PRICE,QUANTITY) values (27,5,4,60,3);
Insert into BLOODBANK.DEMO_ORDER_ITEMS (ORDER_ITEM_ID,ORDER_ID,PRODUCT_ID,UNIT_PRICE,QUANTITY) values (28,5,5,80,2);
Insert into BLOODBANK.DEMO_ORDER_ITEMS (ORDER_ITEM_ID,ORDER_ID,PRODUCT_ID,UNIT_PRICE,QUANTITY) values (29,6,3,150,3);
Insert into BLOODBANK.DEMO_ORDER_ITEMS (ORDER_ITEM_ID,ORDER_ID,PRODUCT_ID,UNIT_PRICE,QUANTITY) values (30,6,6,120,3);
Insert into BLOODBANK.DEMO_ORDER_ITEMS (ORDER_ITEM_ID,ORDER_ID,PRODUCT_ID,UNIT_PRICE,QUANTITY) values (31,6,8,125,3);
Insert into BLOODBANK.DEMO_ORDER_ITEMS (ORDER_ITEM_ID,ORDER_ID,PRODUCT_ID,UNIT_PRICE,QUANTITY) values (32,6,9,110,3);
Insert into BLOODBANK.DEMO_ORDER_ITEMS (ORDER_ITEM_ID,ORDER_ID,PRODUCT_ID,UNIT_PRICE,QUANTITY) values (33,7,1,50,2);
Insert into BLOODBANK.DEMO_ORDER_ITEMS (ORDER_ITEM_ID,ORDER_ID,PRODUCT_ID,UNIT_PRICE,QUANTITY) values (34,7,2,80,2);
Insert into BLOODBANK.DEMO_ORDER_ITEMS (ORDER_ITEM_ID,ORDER_ID,PRODUCT_ID,UNIT_PRICE,QUANTITY) values (35,7,4,60,2);
Insert into BLOODBANK.DEMO_ORDER_ITEMS (ORDER_ITEM_ID,ORDER_ID,PRODUCT_ID,UNIT_PRICE,QUANTITY) values (36,7,5,80,2);
Insert into BLOODBANK.DEMO_ORDER_ITEMS (ORDER_ITEM_ID,ORDER_ID,PRODUCT_ID,UNIT_PRICE,QUANTITY) values (37,7,7,30,3);
Insert into BLOODBANK.DEMO_ORDER_ITEMS (ORDER_ITEM_ID,ORDER_ID,PRODUCT_ID,UNIT_PRICE,QUANTITY) values (38,7,8,125,1);
Insert into BLOODBANK.DEMO_ORDER_ITEMS (ORDER_ITEM_ID,ORDER_ID,PRODUCT_ID,UNIT_PRICE,QUANTITY) values (39,7,10,50,3);
Insert into BLOODBANK.DEMO_ORDER_ITEMS (ORDER_ITEM_ID,ORDER_ID,PRODUCT_ID,UNIT_PRICE,QUANTITY) values (40,8,2,80,2);
Insert into BLOODBANK.DEMO_ORDER_ITEMS (ORDER_ITEM_ID,ORDER_ID,PRODUCT_ID,UNIT_PRICE,QUANTITY) values (41,8,3,150,3);
Insert into BLOODBANK.DEMO_ORDER_ITEMS (ORDER_ITEM_ID,ORDER_ID,PRODUCT_ID,UNIT_PRICE,QUANTITY) values (42,8,6,120,1);
Insert into BLOODBANK.DEMO_ORDER_ITEMS (ORDER_ITEM_ID,ORDER_ID,PRODUCT_ID,UNIT_PRICE,QUANTITY) values (43,8,9,110,3);
Insert into BLOODBANK.DEMO_ORDER_ITEMS (ORDER_ITEM_ID,ORDER_ID,PRODUCT_ID,UNIT_PRICE,QUANTITY) values (44,9,4,60,4);
Insert into BLOODBANK.DEMO_ORDER_ITEMS (ORDER_ITEM_ID,ORDER_ID,PRODUCT_ID,UNIT_PRICE,QUANTITY) values (45,9,5,80,3);
Insert into BLOODBANK.DEMO_ORDER_ITEMS (ORDER_ITEM_ID,ORDER_ID,PRODUCT_ID,UNIT_PRICE,QUANTITY) values (46,9,8,125,2);
Insert into BLOODBANK.DEMO_ORDER_ITEMS (ORDER_ITEM_ID,ORDER_ID,PRODUCT_ID,UNIT_PRICE,QUANTITY) values (47,10,1,50,5);
Insert into BLOODBANK.DEMO_ORDER_ITEMS (ORDER_ITEM_ID,ORDER_ID,PRODUCT_ID,UNIT_PRICE,QUANTITY) values (48,10,2,80,4);
Insert into BLOODBANK.DEMO_ORDER_ITEMS (ORDER_ITEM_ID,ORDER_ID,PRODUCT_ID,UNIT_PRICE,QUANTITY) values (49,10,3,150,2);
REM INSERTING into BLOODBANK.DEMO_ORDERS
SET DEFINE OFF;
Insert into BLOODBANK.DEMO_ORDERS (ORDER_ID,CUSTOMER_ID,ORDER_TOTAL,ORDER_TIMESTAMP,USER_ID) values (1,7,1890,to_date('01-08-17','DD-MM-RR'),2);
Insert into BLOODBANK.DEMO_ORDERS (ORDER_ID,CUSTOMER_ID,ORDER_TOTAL,ORDER_TIMESTAMP,USER_ID) values (2,1,2380,to_date('29-07-17','DD-MM-RR'),2);
Insert into BLOODBANK.DEMO_ORDERS (ORDER_ID,CUSTOMER_ID,ORDER_TOTAL,ORDER_TIMESTAMP,USER_ID) values (3,2,1640,to_date('23-07-17','DD-MM-RR'),2);
Insert into BLOODBANK.DEMO_ORDERS (ORDER_ID,CUSTOMER_ID,ORDER_TOTAL,ORDER_TIMESTAMP,USER_ID) values (4,5,1090,to_date('15-07-17','DD-MM-RR'),2);
Insert into BLOODBANK.DEMO_ORDERS (ORDER_ID,CUSTOMER_ID,ORDER_TOTAL,ORDER_TIMESTAMP,USER_ID) values (5,6,950,to_date('10-07-17','DD-MM-RR'),2);
Insert into BLOODBANK.DEMO_ORDERS (ORDER_ID,CUSTOMER_ID,ORDER_TOTAL,ORDER_TIMESTAMP,USER_ID) values (6,3,1515,to_date('05-07-17','DD-MM-RR'),2);
Insert into BLOODBANK.DEMO_ORDERS (ORDER_ID,CUSTOMER_ID,ORDER_TOTAL,ORDER_TIMESTAMP,USER_ID) values (7,3,905,to_date('25-06-17','DD-MM-RR'),2);
Insert into BLOODBANK.DEMO_ORDERS (ORDER_ID,CUSTOMER_ID,ORDER_TOTAL,ORDER_TIMESTAMP,USER_ID) values (8,4,1060,to_date('23-06-17','DD-MM-RR'),2);
Insert into BLOODBANK.DEMO_ORDERS (ORDER_ID,CUSTOMER_ID,ORDER_TOTAL,ORDER_TIMESTAMP,USER_ID) values (9,2,730,to_date('12-06-17','DD-MM-RR'),2);
Insert into BLOODBANK.DEMO_ORDERS (ORDER_ID,CUSTOMER_ID,ORDER_TOTAL,ORDER_TIMESTAMP,USER_ID) values (10,7,870,to_date('29-05-17','DD-MM-RR'),2);
REM INSERTING into BLOODBANK.DEMO_PRODUCT_INFO
SET DEFINE OFF;
Insert into BLOODBANK.DEMO_PRODUCT_INFO (PRODUCT_ID,PRODUCT_NAME,PRODUCT_DESCRIPTION,CATEGORY,PRODUCT_AVAIL,LIST_PRICE,MIMETYPE,FILENAME,IMAGE_LAST_UPDATE) values (1,'Business Shirt','Wrinkle-free cotton business shirt','Mens','Y',50,'image/jpeg','shirt.jpg',to_date('02-08-17','DD-MM-RR'));
Insert into BLOODBANK.DEMO_PRODUCT_INFO (PRODUCT_ID,PRODUCT_NAME,PRODUCT_DESCRIPTION,CATEGORY,PRODUCT_AVAIL,LIST_PRICE,MIMETYPE,FILENAME,IMAGE_LAST_UPDATE) values (2,'Trousers','Black trousers suitable for every business man','Mens','Y',80,'image/jpeg','pants.jpg',to_date('02-08-17','DD-MM-RR'));
Insert into BLOODBANK.DEMO_PRODUCT_INFO (PRODUCT_ID,PRODUCT_NAME,PRODUCT_DESCRIPTION,CATEGORY,PRODUCT_AVAIL,LIST_PRICE,MIMETYPE,FILENAME,IMAGE_LAST_UPDATE) values (3,'Jacket','Fully lined jacket which is both professional and extremely comfortable to wear','Mens','Y',150,'image/jpeg','jacket.jpg',to_date('02-08-17','DD-MM-RR'));
Insert into BLOODBANK.DEMO_PRODUCT_INFO (PRODUCT_ID,PRODUCT_NAME,PRODUCT_DESCRIPTION,CATEGORY,PRODUCT_AVAIL,LIST_PRICE,MIMETYPE,FILENAME,IMAGE_LAST_UPDATE) values (4,'Blouse','Silk blouse ideal for all business women','Womens','Y',60,'image/jpeg','blouse.jpg',to_date('02-08-17','DD-MM-RR'));
Insert into BLOODBANK.DEMO_PRODUCT_INFO (PRODUCT_ID,PRODUCT_NAME,PRODUCT_DESCRIPTION,CATEGORY,PRODUCT_AVAIL,LIST_PRICE,MIMETYPE,FILENAME,IMAGE_LAST_UPDATE) values (5,'Skirt','Wrinkle free skirt','Womens','Y',80,'image/jpeg','skirt.jpg',to_date('02-08-17','DD-MM-RR'));
Insert into BLOODBANK.DEMO_PRODUCT_INFO (PRODUCT_ID,PRODUCT_NAME,PRODUCT_DESCRIPTION,CATEGORY,PRODUCT_AVAIL,LIST_PRICE,MIMETYPE,FILENAME,IMAGE_LAST_UPDATE) values (6,'Ladies Shoes','Low heel and cushioned interior for comfort and style in simple yet elegant shoes','Womens','Y',120,'image/jpeg','heels.jpg',to_date('02-08-17','DD-MM-RR'));
Insert into BLOODBANK.DEMO_PRODUCT_INFO (PRODUCT_ID,PRODUCT_NAME,PRODUCT_DESCRIPTION,CATEGORY,PRODUCT_AVAIL,LIST_PRICE,MIMETYPE,FILENAME,IMAGE_LAST_UPDATE) values (7,'Belt','Leather belt','Accessories','Y',30,'image/jpeg','belt.jpg',to_date('02-08-17','DD-MM-RR'));
Insert into BLOODBANK.DEMO_PRODUCT_INFO (PRODUCT_ID,PRODUCT_NAME,PRODUCT_DESCRIPTION,CATEGORY,PRODUCT_AVAIL,LIST_PRICE,MIMETYPE,FILENAME,IMAGE_LAST_UPDATE) values (8,'Bag','Unisex bag suitable for carrying laptops with room for many additional items','Accessories','Y',125,'image/jpeg','bag.jpg',to_date('02-08-17','DD-MM-RR'));
Insert into BLOODBANK.DEMO_PRODUCT_INFO (PRODUCT_ID,PRODUCT_NAME,PRODUCT_DESCRIPTION,CATEGORY,PRODUCT_AVAIL,LIST_PRICE,MIMETYPE,FILENAME,IMAGE_LAST_UPDATE) values (9,'Mens Shoes','Leather upper and lower lace up shoes','Mens','Y',110,'image/jpeg','shoes.jpg',to_date('02-08-17','DD-MM-RR'));
Insert into BLOODBANK.DEMO_PRODUCT_INFO (PRODUCT_ID,PRODUCT_NAME,PRODUCT_DESCRIPTION,CATEGORY,PRODUCT_AVAIL,LIST_PRICE,MIMETYPE,FILENAME,IMAGE_LAST_UPDATE) values (10,'Wallet','Travel wallet suitable for men and women. Several compartments for credit cards, passports and cash','Accessories','Y',50,'image/jpeg','wallet.jpg',to_date('02-08-17','DD-MM-RR'));
REM INSERTING into BLOODBANK.DEMO_STATES
SET DEFINE OFF;
Insert into BLOODBANK.DEMO_STATES (ST,STATE_NAME) values ('AK','ALASKA');
Insert into BLOODBANK.DEMO_STATES (ST,STATE_NAME) values ('AL','ALABAMA');
Insert into BLOODBANK.DEMO_STATES (ST,STATE_NAME) values ('AR','ARKANSAS');
Insert into BLOODBANK.DEMO_STATES (ST,STATE_NAME) values ('AZ','ARIZONA');
Insert into BLOODBANK.DEMO_STATES (ST,STATE_NAME) values ('CA','CALIFORNIA');
Insert into BLOODBANK.DEMO_STATES (ST,STATE_NAME) values ('CO','COLORADO');
Insert into BLOODBANK.DEMO_STATES (ST,STATE_NAME) values ('CT','CONNECTICUT');
Insert into BLOODBANK.DEMO_STATES (ST,STATE_NAME) values ('DC','DISTRICT OF COLUMBIA');
Insert into BLOODBANK.DEMO_STATES (ST,STATE_NAME) values ('DE','DELAWARE');
Insert into BLOODBANK.DEMO_STATES (ST,STATE_NAME) values ('FL','FLORIDA');
Insert into BLOODBANK.DEMO_STATES (ST,STATE_NAME) values ('GA','GEORGIA');
Insert into BLOODBANK.DEMO_STATES (ST,STATE_NAME) values ('HI','HAWAII');
Insert into BLOODBANK.DEMO_STATES (ST,STATE_NAME) values ('IA','IOWA');
Insert into BLOODBANK.DEMO_STATES (ST,STATE_NAME) values ('ID','IDAHO');
Insert into BLOODBANK.DEMO_STATES (ST,STATE_NAME) values ('IL','ILLINOIS');
Insert into BLOODBANK.DEMO_STATES (ST,STATE_NAME) values ('IN','INDIANA');
Insert into BLOODBANK.DEMO_STATES (ST,STATE_NAME) values ('KS','KANSAS');
Insert into BLOODBANK.DEMO_STATES (ST,STATE_NAME) values ('KY','KENTUCKY');
Insert into BLOODBANK.DEMO_STATES (ST,STATE_NAME) values ('LA','LOUISIANA');
Insert into BLOODBANK.DEMO_STATES (ST,STATE_NAME) values ('MA','MASSACHUSETTS');
Insert into BLOODBANK.DEMO_STATES (ST,STATE_NAME) values ('MD','MARYLAND');
Insert into BLOODBANK.DEMO_STATES (ST,STATE_NAME) values ('ME','MAINE');
Insert into BLOODBANK.DEMO_STATES (ST,STATE_NAME) values ('MI','MICHIGAN');
Insert into BLOODBANK.DEMO_STATES (ST,STATE_NAME) values ('MN','MINNESOTA');
Insert into BLOODBANK.DEMO_STATES (ST,STATE_NAME) values ('MO','MISSOURI');
Insert into BLOODBANK.DEMO_STATES (ST,STATE_NAME) values ('MS','MISSISSIPPI');
Insert into BLOODBANK.DEMO_STATES (ST,STATE_NAME) values ('MT','MONTANA');
Insert into BLOODBANK.DEMO_STATES (ST,STATE_NAME) values ('NC','NORTH CAROLINA');
Insert into BLOODBANK.DEMO_STATES (ST,STATE_NAME) values ('ND','NORTH DAKOTA');
Insert into BLOODBANK.DEMO_STATES (ST,STATE_NAME) values ('NE','NEBRASKA');
Insert into BLOODBANK.DEMO_STATES (ST,STATE_NAME) values ('NH','NEW HAMPSHIRE');
Insert into BLOODBANK.DEMO_STATES (ST,STATE_NAME) values ('NJ','NEW JERSEY');
Insert into BLOODBANK.DEMO_STATES (ST,STATE_NAME) values ('NM','NEW MEXICO');
Insert into BLOODBANK.DEMO_STATES (ST,STATE_NAME) values ('NV','NEVADA');
Insert into BLOODBANK.DEMO_STATES (ST,STATE_NAME) values ('NY','NEW YORK');
Insert into BLOODBANK.DEMO_STATES (ST,STATE_NAME) values ('OH','OHIO');
Insert into BLOODBANK.DEMO_STATES (ST,STATE_NAME) values ('OK','OKLAHOMA');
Insert into BLOODBANK.DEMO_STATES (ST,STATE_NAME) values ('OR','OREGON');
Insert into BLOODBANK.DEMO_STATES (ST,STATE_NAME) values ('PA','PENNSYLVANIA');
Insert into BLOODBANK.DEMO_STATES (ST,STATE_NAME) values ('RI','RHODE ISLAND');
Insert into BLOODBANK.DEMO_STATES (ST,STATE_NAME) values ('SC','SOUTH CAROLINA');
Insert into BLOODBANK.DEMO_STATES (ST,STATE_NAME) values ('SD','SOUTH DAKOTA');
Insert into BLOODBANK.DEMO_STATES (ST,STATE_NAME) values ('TN','TENNESSEE');
Insert into BLOODBANK.DEMO_STATES (ST,STATE_NAME) values ('TX','TEXAS');
Insert into BLOODBANK.DEMO_STATES (ST,STATE_NAME) values ('UT','UTAH');
Insert into BLOODBANK.DEMO_STATES (ST,STATE_NAME) values ('VA','VIRGINIA');
Insert into BLOODBANK.DEMO_STATES (ST,STATE_NAME) values ('VT','VERMONT');
Insert into BLOODBANK.DEMO_STATES (ST,STATE_NAME) values ('WA','WASHINGTON');
Insert into BLOODBANK.DEMO_STATES (ST,STATE_NAME) values ('WI','WISCONSIN');
Insert into BLOODBANK.DEMO_STATES (ST,STATE_NAME) values ('WV','WEST VIRGINIA');
Insert into BLOODBANK.DEMO_STATES (ST,STATE_NAME) values ('WY','WYOMING');
REM INSERTING into BLOODBANK.DEMO_USERS
SET DEFINE OFF;
Insert into BLOODBANK.DEMO_USERS (USER_ID,USER_NAME,PASSWORD,CREATED_ON,QUOTA,PRODUCTS,EXPIRES_ON,ADMIN_USER) values (1,'ADMIN','F505AB0DE29D6683675833881866A31D',to_date('02-08-17','DD-MM-RR'),null,'Y',null,'Y');
Insert into BLOODBANK.DEMO_USERS (USER_ID,USER_NAME,PASSWORD,CREATED_ON,QUOTA,PRODUCTS,EXPIRES_ON,ADMIN_USER) values (2,'DEMO','8D72FE540F2D88599A436F08ED56B6CB',to_date('02-08-17','DD-MM-RR'),15000,'Y',null,'N');
REM INSERTING into BLOODBANK.DEPT
SET DEFINE OFF;
Insert into BLOODBANK.DEPT (DEPTNO,DNAME,LOC) values (10,'ACCOUNTING','NEW YORK');
Insert into BLOODBANK.DEPT (DEPTNO,DNAME,LOC) values (20,'RESEARCH','DALLAS');
Insert into BLOODBANK.DEPT (DEPTNO,DNAME,LOC) values (30,'SALES','CHICAGO');
Insert into BLOODBANK.DEPT (DEPTNO,DNAME,LOC) values (40,'OPERATIONS','BOSTON');
REM INSERTING into BLOODBANK.DONATION
SET DEFINE OFF;
Insert into BLOODBANK.DONATION (D_ID,REG_ID,BB_ID,BGROUP,QTY,D_DATE,PROCESSED_BY,STATUS,AVAILABLITY,DONATED_QUANTITY) values ('D_ID00000000003','REG_ID00000002','BB_ID0000000002','A_Positive',2,to_date('14-09-17','DD-MM-RR'),'REG_ID00000003','donated','yes',3);
Insert into BLOODBANK.DONATION (D_ID,REG_ID,BB_ID,BGROUP,QTY,D_DATE,PROCESSED_BY,STATUS,AVAILABLITY,DONATED_QUANTITY) values ('D_ID00000000001','REG_ID00000002','BB_ID0000000001','A_Positive',2,to_date('14-09-17','DD-MM-RR'),'REG_ID00000003','donated','yes',2);
Insert into BLOODBANK.DONATION (D_ID,REG_ID,BB_ID,BGROUP,QTY,D_DATE,PROCESSED_BY,STATUS,AVAILABLITY,DONATED_QUANTITY) values ('D_ID00000000002','REG_ID00000002','BB_ID0000000001','AB_Negative',3,to_date('14-09-17','DD-MM-RR'),'REG_ID00000003','donated','yes',3);
REM INSERTING into BLOODBANK.EMP
SET DEFINE OFF;
Insert into BLOODBANK.EMP (EMPNO,ENAME,JOB,MGR,HIREDATE,SAL,COMM,DEPTNO) values (7839,'KING','PRESIDENT',null,to_date('17-11-81','DD-MM-RR'),5000,null,10);
Insert into BLOODBANK.EMP (EMPNO,ENAME,JOB,MGR,HIREDATE,SAL,COMM,DEPTNO) values (7698,'BLAKE','MANAGER',7839,to_date('01-05-81','DD-MM-RR'),2850,null,30);
Insert into BLOODBANK.EMP (EMPNO,ENAME,JOB,MGR,HIREDATE,SAL,COMM,DEPTNO) values (7782,'CLARK','MANAGER',7839,to_date('09-06-81','DD-MM-RR'),2450,null,10);
Insert into BLOODBANK.EMP (EMPNO,ENAME,JOB,MGR,HIREDATE,SAL,COMM,DEPTNO) values (7566,'JONES','MANAGER',7839,to_date('02-04-81','DD-MM-RR'),2975,null,20);
Insert into BLOODBANK.EMP (EMPNO,ENAME,JOB,MGR,HIREDATE,SAL,COMM,DEPTNO) values (7788,'SCOTT','ANALYST',7566,to_date('09-12-82','DD-MM-RR'),3000,null,20);
Insert into BLOODBANK.EMP (EMPNO,ENAME,JOB,MGR,HIREDATE,SAL,COMM,DEPTNO) values (7902,'FORD','ANALYST',7566,to_date('03-12-81','DD-MM-RR'),3000,null,20);
Insert into BLOODBANK.EMP (EMPNO,ENAME,JOB,MGR,HIREDATE,SAL,COMM,DEPTNO) values (7369,'SMITH','CLERK',7902,to_date('17-12-80','DD-MM-RR'),800,null,20);
Insert into BLOODBANK.EMP (EMPNO,ENAME,JOB,MGR,HIREDATE,SAL,COMM,DEPTNO) values (7499,'ALLEN','SALESMAN',7698,to_date('20-02-81','DD-MM-RR'),1600,300,30);
Insert into BLOODBANK.EMP (EMPNO,ENAME,JOB,MGR,HIREDATE,SAL,COMM,DEPTNO) values (7521,'WARD','SALESMAN',7698,to_date('22-02-81','DD-MM-RR'),1250,500,30);
Insert into BLOODBANK.EMP (EMPNO,ENAME,JOB,MGR,HIREDATE,SAL,COMM,DEPTNO) values (7654,'MARTIN','SALESMAN',7698,to_date('28-09-81','DD-MM-RR'),1250,1400,30);
Insert into BLOODBANK.EMP (EMPNO,ENAME,JOB,MGR,HIREDATE,SAL,COMM,DEPTNO) values (7844,'TURNER','SALESMAN',7698,to_date('08-09-81','DD-MM-RR'),1500,0,30);
Insert into BLOODBANK.EMP (EMPNO,ENAME,JOB,MGR,HIREDATE,SAL,COMM,DEPTNO) values (7876,'ADAMS','CLERK',7788,to_date('12-01-83','DD-MM-RR'),1100,null,20);
Insert into BLOODBANK.EMP (EMPNO,ENAME,JOB,MGR,HIREDATE,SAL,COMM,DEPTNO) values (7900,'JAMES','CLERK',7698,to_date('03-12-81','DD-MM-RR'),950,null,30);
Insert into BLOODBANK.EMP (EMPNO,ENAME,JOB,MGR,HIREDATE,SAL,COMM,DEPTNO) values (7934,'MILLER','CLERK',7782,to_date('23-01-82','DD-MM-RR'),1300,null,10);
REM INSERTING into BLOODBANK.EMPDON_ASSIGNMENT
SET DEFINE OFF;
Insert into BLOODBANK.EMPDON_ASSIGNMENT (EDA_ID,USER_ID,EMP_ID,DONREQ_ID,MSG) values ('EDA_ID000000003','REG_ID00000002','REG_ID00000003','D_ID00000000001','Empty');
Insert into BLOODBANK.EMPDON_ASSIGNMENT (EDA_ID,USER_ID,EMP_ID,DONREQ_ID,MSG) values ('EDA_ID000000001','REG_ID00000002','REG_ID00000003','D_ID00000000003','Empty');
Insert into BLOODBANK.EMPDON_ASSIGNMENT (EDA_ID,USER_ID,EMP_ID,DONREQ_ID,MSG) values ('EDA_ID000000002','REG_ID00000002','REG_ID00000003','D_ID00000000002','Empty');
REM INSERTING into BLOODBANK.EMPREQ_ASSIGNMENT
SET DEFINE OFF;
Insert into BLOODBANK.EMPREQ_ASSIGNMENT (EA_ID,U_ID,E_ID,MSG,REQ_ID,REQ_STATUS,APP_DATE) values ('EA_ID0000000001','REG_ID00000002','REG_ID00000003','Go and contact with employee','BR_ID0000000001','pending','Sun Jan 01 01:00:00 PST 2017');
REM INSERTING into BLOODBANK.FEEDBACK
SET DEFINE OFF;
Insert into BLOODBANK.FEEDBACK (F_ID,NAME,EMAIL,FEEDBACK,INQ_ID) values ('F_ID00000000001','Maniram Yadav','maniramy3@gmail.com','On Sunday','INQ_ID000000001');
REM INSERTING into BLOODBANK.INQUIRY
SET DEFINE OFF;
Insert into BLOODBANK.INQUIRY (INQ_ID,INQUIRED_BY,INQ_SUBJECT,INQUIRY,EMAIL,INQ_DATE,INQ_STATUS) values ('INQ_ID000000001','Maniram Yadav','Weekened off days','Sir , On which days of the week the staff goes on the leave.','maniramy3@gmail.com',to_date('14-09-17','DD-MM-RR'),'answered');
REM INSERTING into BLOODBANK.LOCATION_INFO
SET DEFINE OFF;
Insert into BLOODBANK.LOCATION_INFO (LOC_ID,LOC_NAME,CITY_ID,PIN_CODE) values ('LOCN_ID00000003','Janakai Nagar','CITY_ID00000002','321232');
Insert into BLOODBANK.LOCATION_INFO (LOC_ID,LOC_NAME,CITY_ID,PIN_CODE) values ('LOCN_ID00000001','Ratapur','CITY_ID00000001','229001');
Insert into BLOODBANK.LOCATION_INFO (LOC_ID,LOC_NAME,CITY_ID,PIN_CODE) values ('LOCN_ID00000002','Uchahar','CITY_ID00000001','229012');
REM INSERTING into BLOODBANK.LOGIN_DETAIL
SET DEFINE OFF;
Insert into BLOODBANK.LOGIN_DETAIL (USER_ID,PASSWORD,SEC_QUESTION,ANSWER,PROFILE_ID,USER_ROLE,STATUS) values ('staff','staff','Favourite Animal ?','cat','REG_ID00000003','employee','active');
Insert into BLOODBANK.LOGIN_DETAIL (USER_ID,PASSWORD,SEC_QUESTION,ANSWER,PROFILE_ID,USER_ROLE,STATUS) values ('admin','admin','Favourite Animal ?','cow','REG_ID00000001','admin','active');
Insert into BLOODBANK.LOGIN_DETAIL (USER_ID,PASSWORD,SEC_QUESTION,ANSWER,PROFILE_ID,USER_ROLE,STATUS) values ('maniram','maniram','Favourite movie ?','badshaho','REG_ID00000002','user','active');
REM INSERTING into BLOODBANK.REGISTRATION
SET DEFINE OFF;
Insert into BLOODBANK.REGISTRATION (REG_ID,NAME,CONTACT,EMAIL,BIRTH_DATE,GENDER,ADDRESS,CITY,STATE,PINCODE) values ('REG_ID00000001','Admin','9795469726','admin@gmail.com','10/10/1996','M','Ratapur','Raebareli','Uttar Pradesh','229001');
Insert into BLOODBANK.REGISTRATION (REG_ID,NAME,CONTACT,EMAIL,BIRTH_DATE,GENDER,ADDRESS,CITY,STATE,PINCODE) values ('REG_ID00000003','Mahendra kumar','9795469726','mahendra@gmail.com','23/04/1996','M','Charbag','Lucknow','Uttar Praesh','229001');
Insert into BLOODBANK.REGISTRATION (REG_ID,NAME,CONTACT,EMAIL,BIRTH_DATE,GENDER,ADDRESS,CITY,STATE,PINCODE) values ('REG_ID00000002','Maniram Yadav','9795469726','maniramyadav786@gmail.com','12/01/1997','M','Ratapur','Raebareli','Uttar Praesh','229001');
REM INSERTING into BLOODBANK.STATE_INFO
SET DEFINE OFF;
Insert into BLOODBANK.STATE_INFO (STATE_ID,STATE_NAME) values ('STAT_ID00000001','Uttar Praesh');
Insert into BLOODBANK.STATE_INFO (STATE_ID,STATE_NAME) values ('STAT_ID00000002','Punjab');
--------------------------------------------------------
--  DDL for Index BB_EMPLOYEE_PK
--------------------------------------------------------

  CREATE UNIQUE INDEX "BLOODBANK"."BB_EMPLOYEE_PK" ON "BLOODBANK"."BB_EMPLOYEE" ("BBE_ID") 
  PCTFREE 10 INITRANS 2 MAXTRANS 255 COMPUTE STATISTICS 
  STORAGE(INITIAL 65536 NEXT 1048576 MINEXTENTS 1 MAXEXTENTS 2147483645
  PCTINCREASE 0 FREELISTS 1 FREELIST GROUPS 1 BUFFER_POOL DEFAULT FLASH_CACHE DEFAULT CELL_FLASH_CACHE DEFAULT)
  TABLESPACE "USERS" ;
--------------------------------------------------------
--  DDL for Index BLOOD_BANK_PK
--------------------------------------------------------

  CREATE UNIQUE INDEX "BLOODBANK"."BLOOD_BANK_PK" ON "BLOODBANK"."BLOOD_BANK" ("BB_ID") 
  PCTFREE 10 INITRANS 2 MAXTRANS 255 COMPUTE STATISTICS 
  STORAGE(INITIAL 65536 NEXT 1048576 MINEXTENTS 1 MAXEXTENTS 2147483645
  PCTINCREASE 0 FREELISTS 1 FREELIST GROUPS 1 BUFFER_POOL DEFAULT FLASH_CACHE DEFAULT CELL_FLASH_CACHE DEFAULT)
  TABLESPACE "USERS" ;
--------------------------------------------------------
--  DDL for Index BLOOD_REQUEST_PK
--------------------------------------------------------

  CREATE UNIQUE INDEX "BLOODBANK"."BLOOD_REQUEST_PK" ON "BLOODBANK"."BLOOD_REQUEST" ("BR_ID") 
  PCTFREE 10 INITRANS 2 MAXTRANS 255 COMPUTE STATISTICS 
  STORAGE(INITIAL 65536 NEXT 1048576 MINEXTENTS 1 MAXEXTENTS 2147483645
  PCTINCREASE 0 FREELISTS 1 FREELIST GROUPS 1 BUFFER_POOL DEFAULT FLASH_CACHE DEFAULT CELL_FLASH_CACHE DEFAULT)
  TABLESPACE "USERS" ;
--------------------------------------------------------
--  DDL for Index CITY_INFO_PK
--------------------------------------------------------

  CREATE UNIQUE INDEX "BLOODBANK"."CITY_INFO_PK" ON "BLOODBANK"."CITY_INFO" ("CITY_ID") 
  PCTFREE 10 INITRANS 2 MAXTRANS 255 COMPUTE STATISTICS 
  STORAGE(INITIAL 65536 NEXT 1048576 MINEXTENTS 1 MAXEXTENTS 2147483645
  PCTINCREASE 0 FREELISTS 1 FREELIST GROUPS 1 BUFFER_POOL DEFAULT FLASH_CACHE DEFAULT CELL_FLASH_CACHE DEFAULT)
  TABLESPACE "USERS" ;
--------------------------------------------------------
--  DDL for Index DEMO_CUSTOMERS_PK
--------------------------------------------------------

  CREATE UNIQUE INDEX "BLOODBANK"."DEMO_CUSTOMERS_PK" ON "BLOODBANK"."DEMO_CUSTOMERS" ("CUSTOMER_ID") 
  PCTFREE 10 INITRANS 2 MAXTRANS 255 COMPUTE STATISTICS 
  STORAGE(INITIAL 65536 NEXT 1048576 MINEXTENTS 1 MAXEXTENTS 2147483645
  PCTINCREASE 0 FREELISTS 1 FREELIST GROUPS 1 BUFFER_POOL DEFAULT FLASH_CACHE DEFAULT CELL_FLASH_CACHE DEFAULT)
  TABLESPACE "USERS" ;
--------------------------------------------------------
--  DDL for Index DEMO_CUST_NAME_IX
--------------------------------------------------------

  CREATE INDEX "BLOODBANK"."DEMO_CUST_NAME_IX" ON "BLOODBANK"."DEMO_CUSTOMERS" ("CUST_LAST_NAME", "CUST_FIRST_NAME") 
  PCTFREE 10 INITRANS 2 MAXTRANS 255 COMPUTE STATISTICS 
  STORAGE(INITIAL 65536 NEXT 1048576 MINEXTENTS 1 MAXEXTENTS 2147483645
  PCTINCREASE 0 FREELISTS 1 FREELIST GROUPS 1 BUFFER_POOL DEFAULT FLASH_CACHE DEFAULT CELL_FLASH_CACHE DEFAULT)
  TABLESPACE "USERS" ;
--------------------------------------------------------
--  DDL for Index DEMO_ORDER_ITEMS_PK
--------------------------------------------------------

  CREATE UNIQUE INDEX "BLOODBANK"."DEMO_ORDER_ITEMS_PK" ON "BLOODBANK"."DEMO_ORDER_ITEMS" ("ORDER_ITEM_ID") 
  PCTFREE 10 INITRANS 2 MAXTRANS 255 COMPUTE STATISTICS 
  STORAGE(INITIAL 65536 NEXT 1048576 MINEXTENTS 1 MAXEXTENTS 2147483645
  PCTINCREASE 0 FREELISTS 1 FREELIST GROUPS 1 BUFFER_POOL DEFAULT FLASH_CACHE DEFAULT CELL_FLASH_CACHE DEFAULT)
  TABLESPACE "USERS" ;
--------------------------------------------------------
--  DDL for Index DEMO_ORDER_PK
--------------------------------------------------------

  CREATE UNIQUE INDEX "BLOODBANK"."DEMO_ORDER_PK" ON "BLOODBANK"."DEMO_ORDERS" ("ORDER_ID") 
  PCTFREE 10 INITRANS 2 MAXTRANS 255 COMPUTE STATISTICS 
  STORAGE(INITIAL 65536 NEXT 1048576 MINEXTENTS 1 MAXEXTENTS 2147483645
  PCTINCREASE 0 FREELISTS 1 FREELIST GROUPS 1 BUFFER_POOL DEFAULT FLASH_CACHE DEFAULT CELL_FLASH_CACHE DEFAULT)
  TABLESPACE "USERS" ;
--------------------------------------------------------
--  DDL for Index DEMO_ORD_CUSTOMER_IX
--------------------------------------------------------

  CREATE INDEX "BLOODBANK"."DEMO_ORD_CUSTOMER_IX" ON "BLOODBANK"."DEMO_ORDERS" ("CUSTOMER_ID") 
  PCTFREE 10 INITRANS 2 MAXTRANS 255 COMPUTE STATISTICS 
  STORAGE(INITIAL 65536 NEXT 1048576 MINEXTENTS 1 MAXEXTENTS 2147483645
  PCTINCREASE 0 FREELISTS 1 FREELIST GROUPS 1 BUFFER_POOL DEFAULT FLASH_CACHE DEFAULT CELL_FLASH_CACHE DEFAULT)
  TABLESPACE "USERS" ;
--------------------------------------------------------
--  DDL for Index DEMO_PRODUCT_INFO_PK
--------------------------------------------------------

  CREATE UNIQUE INDEX "BLOODBANK"."DEMO_PRODUCT_INFO_PK" ON "BLOODBANK"."DEMO_PRODUCT_INFO" ("PRODUCT_ID") 
  PCTFREE 10 INITRANS 2 MAXTRANS 255 COMPUTE STATISTICS 
  STORAGE(INITIAL 65536 NEXT 1048576 MINEXTENTS 1 MAXEXTENTS 2147483645
  PCTINCREASE 0 FREELISTS 1 FREELIST GROUPS 1 BUFFER_POOL DEFAULT FLASH_CACHE DEFAULT CELL_FLASH_CACHE DEFAULT)
  TABLESPACE "USERS" ;
--------------------------------------------------------
--  DDL for Index DEMO_USERS_PK
--------------------------------------------------------

  CREATE UNIQUE INDEX "BLOODBANK"."DEMO_USERS_PK" ON "BLOODBANK"."DEMO_USERS" ("USER_ID") 
  PCTFREE 10 INITRANS 2 MAXTRANS 255 COMPUTE STATISTICS 
  STORAGE(INITIAL 65536 NEXT 1048576 MINEXTENTS 1 MAXEXTENTS 2147483645
  PCTINCREASE 0 FREELISTS 1 FREELIST GROUPS 1 BUFFER_POOL DEFAULT FLASH_CACHE DEFAULT CELL_FLASH_CACHE DEFAULT)
  TABLESPACE "USERS" ;
--------------------------------------------------------
--  DDL for Index SYS_C008599
--------------------------------------------------------

  CREATE UNIQUE INDEX "BLOODBANK"."SYS_C008599" ON "BLOODBANK"."DEPT" ("DEPTNO") 
  PCTFREE 10 INITRANS 2 MAXTRANS 255 COMPUTE STATISTICS 
  STORAGE(INITIAL 65536 NEXT 1048576 MINEXTENTS 1 MAXEXTENTS 2147483645
  PCTINCREASE 0 FREELISTS 1 FREELIST GROUPS 1 BUFFER_POOL DEFAULT FLASH_CACHE DEFAULT CELL_FLASH_CACHE DEFAULT)
  TABLESPACE "USERS" ;
--------------------------------------------------------
--  DDL for Index DONATION_PK
--------------------------------------------------------

  CREATE UNIQUE INDEX "BLOODBANK"."DONATION_PK" ON "BLOODBANK"."DONATION" ("D_ID") 
  PCTFREE 10 INITRANS 2 MAXTRANS 255 COMPUTE STATISTICS 
  STORAGE(INITIAL 65536 NEXT 1048576 MINEXTENTS 1 MAXEXTENTS 2147483645
  PCTINCREASE 0 FREELISTS 1 FREELIST GROUPS 1 BUFFER_POOL DEFAULT FLASH_CACHE DEFAULT CELL_FLASH_CACHE DEFAULT)
  TABLESPACE "USERS" ;
--------------------------------------------------------
--  DDL for Index SYS_C008601
--------------------------------------------------------

  CREATE UNIQUE INDEX "BLOODBANK"."SYS_C008601" ON "BLOODBANK"."EMP" ("EMPNO") 
  PCTFREE 10 INITRANS 2 MAXTRANS 255 COMPUTE STATISTICS 
  STORAGE(INITIAL 65536 NEXT 1048576 MINEXTENTS 1 MAXEXTENTS 2147483645
  PCTINCREASE 0 FREELISTS 1 FREELIST GROUPS 1 BUFFER_POOL DEFAULT FLASH_CACHE DEFAULT CELL_FLASH_CACHE DEFAULT)
  TABLESPACE "USERS" ;
--------------------------------------------------------
--  DDL for Index EMPDON_ASSIGNMENT_PK
--------------------------------------------------------

  CREATE UNIQUE INDEX "BLOODBANK"."EMPDON_ASSIGNMENT_PK" ON "BLOODBANK"."EMPDON_ASSIGNMENT" ("EDA_ID") 
  PCTFREE 10 INITRANS 2 MAXTRANS 255 COMPUTE STATISTICS 
  STORAGE(INITIAL 65536 NEXT 1048576 MINEXTENTS 1 MAXEXTENTS 2147483645
  PCTINCREASE 0 FREELISTS 1 FREELIST GROUPS 1 BUFFER_POOL DEFAULT FLASH_CACHE DEFAULT CELL_FLASH_CACHE DEFAULT)
  TABLESPACE "USERS" ;
--------------------------------------------------------
--  DDL for Index EMPLOYEE_ASSIGNMENT_PK
--------------------------------------------------------

  CREATE UNIQUE INDEX "BLOODBANK"."EMPLOYEE_ASSIGNMENT_PK" ON "BLOODBANK"."EMPREQ_ASSIGNMENT" ("EA_ID") 
  PCTFREE 10 INITRANS 2 MAXTRANS 255 COMPUTE STATISTICS 
  STORAGE(INITIAL 65536 NEXT 1048576 MINEXTENTS 1 MAXEXTENTS 2147483645
  PCTINCREASE 0 FREELISTS 1 FREELIST GROUPS 1 BUFFER_POOL DEFAULT FLASH_CACHE DEFAULT CELL_FLASH_CACHE DEFAULT)
  TABLESPACE "USERS" ;
--------------------------------------------------------
--  DDL for Index INQUIRY_PK
--------------------------------------------------------

  CREATE UNIQUE INDEX "BLOODBANK"."INQUIRY_PK" ON "BLOODBANK"."INQUIRY" ("INQ_ID") 
  PCTFREE 10 INITRANS 2 MAXTRANS 255 COMPUTE STATISTICS 
  STORAGE(INITIAL 65536 NEXT 1048576 MINEXTENTS 1 MAXEXTENTS 2147483645
  PCTINCREASE 0 FREELISTS 1 FREELIST GROUPS 1 BUFFER_POOL DEFAULT FLASH_CACHE DEFAULT CELL_FLASH_CACHE DEFAULT)
  TABLESPACE "USERS" ;
--------------------------------------------------------
--  DDL for Index LOCATION_INFO_PK
--------------------------------------------------------

  CREATE UNIQUE INDEX "BLOODBANK"."LOCATION_INFO_PK" ON "BLOODBANK"."LOCATION_INFO" ("LOC_ID") 
  PCTFREE 10 INITRANS 2 MAXTRANS 255 COMPUTE STATISTICS 
  STORAGE(INITIAL 65536 NEXT 1048576 MINEXTENTS 1 MAXEXTENTS 2147483645
  PCTINCREASE 0 FREELISTS 1 FREELIST GROUPS 1 BUFFER_POOL DEFAULT FLASH_CACHE DEFAULT CELL_FLASH_CACHE DEFAULT)
  TABLESPACE "USERS" ;
--------------------------------------------------------
--  DDL for Index LOGIN_DETAIL_PK
--------------------------------------------------------

  CREATE UNIQUE INDEX "BLOODBANK"."LOGIN_DETAIL_PK" ON "BLOODBANK"."LOGIN_DETAIL" ("USER_ID") 
  PCTFREE 10 INITRANS 2 MAXTRANS 255 COMPUTE STATISTICS 
  STORAGE(INITIAL 65536 NEXT 1048576 MINEXTENTS 1 MAXEXTENTS 2147483645
  PCTINCREASE 0 FREELISTS 1 FREELIST GROUPS 1 BUFFER_POOL DEFAULT FLASH_CACHE DEFAULT CELL_FLASH_CACHE DEFAULT)
  TABLESPACE "USERS" ;
--------------------------------------------------------
--  DDL for Index REGISTRATION_PK
--------------------------------------------------------

  CREATE UNIQUE INDEX "BLOODBANK"."REGISTRATION_PK" ON "BLOODBANK"."REGISTRATION" ("REG_ID") 
  PCTFREE 10 INITRANS 2 MAXTRANS 255 COMPUTE STATISTICS 
  STORAGE(INITIAL 65536 NEXT 1048576 MINEXTENTS 1 MAXEXTENTS 2147483645
  PCTINCREASE 0 FREELISTS 1 FREELIST GROUPS 1 BUFFER_POOL DEFAULT FLASH_CACHE DEFAULT CELL_FLASH_CACHE DEFAULT)
  TABLESPACE "USERS" ;
--------------------------------------------------------
--  DDL for Index STATE_INFO_PK
--------------------------------------------------------

  CREATE UNIQUE INDEX "BLOODBANK"."STATE_INFO_PK" ON "BLOODBANK"."STATE_INFO" ("STATE_ID") 
  PCTFREE 10 INITRANS 2 MAXTRANS 255 COMPUTE STATISTICS 
  STORAGE(INITIAL 65536 NEXT 1048576 MINEXTENTS 1 MAXEXTENTS 2147483645
  PCTINCREASE 0 FREELISTS 1 FREELIST GROUPS 1 BUFFER_POOL DEFAULT FLASH_CACHE DEFAULT CELL_FLASH_CACHE DEFAULT)
  TABLESPACE "USERS" ;
--------------------------------------------------------
--  DDL for Trigger INSERT_DEMO_CUST
--------------------------------------------------------

  CREATE OR REPLACE TRIGGER "BLOODBANK"."INSERT_DEMO_CUST" 
BEFORE INSERT ON demo_customers
FOR EACH ROW
DECLARE
  cust_id number;
BEGIN
  SELECT demo_cust_seq.nextval
    INTO cust_id
    FROM dual;
  :new.CUSTOMER_ID := cust_id;
END;
/
ALTER TRIGGER "BLOODBANK"."INSERT_DEMO_CUST" ENABLE;
--------------------------------------------------------
--  DDL for Trigger INSERT_DEMO_ORDER_ITEMS
--------------------------------------------------------

  CREATE OR REPLACE TRIGGER "BLOODBANK"."INSERT_DEMO_ORDER_ITEMS" 
BEFORE
insert on "DEMO_ORDER_ITEMS"
for each row
begin
declare
  order_item_id number;
begin
select demo_order_items_seq.nextval into order_item_id from dual;
:new.ORDER_ITEM_ID := order_item_id;
end;
end;
/
ALTER TRIGGER "BLOODBANK"."INSERT_DEMO_ORDER_ITEMS" ENABLE;
--------------------------------------------------------
--  DDL for Trigger UPDATE_ORDER_TOTAL
--------------------------------------------------------

  CREATE OR REPLACE TRIGGER "BLOODBANK"."UPDATE_ORDER_TOTAL" 
after insert or update or delete on demo_order_items
begin

-- Update the Order Total when any order item is changed

update demo_orders set order_total =
  (select sum(unit_price*quantity) from demo_order_items
    where demo_order_items.order_id = demo_orders.order_id);
end;
/
ALTER TRIGGER "BLOODBANK"."UPDATE_ORDER_TOTAL" ENABLE;
--------------------------------------------------------
--  DDL for Trigger DEMO_ORDER_ITEMS_GET_PRICE
--------------------------------------------------------

  CREATE OR REPLACE TRIGGER "BLOODBANK"."DEMO_ORDER_ITEMS_GET_PRICE" 
before insert or update on demo_order_items for each row
declare
  l_list_price number;
begin
-- First, we need to get the current list price of the order line item
select list_price into l_list_price from demo_product_info
  where product_id = :new.product_id;

-- Once we have the correct price, we will update the order line with the correct price
:new.unit_price := l_list_price;

end;
/
ALTER TRIGGER "BLOODBANK"."DEMO_ORDER_ITEMS_GET_PRICE" ENABLE;
--------------------------------------------------------
--  DDL for Trigger INSERT_DEMO_PROD
--------------------------------------------------------

  CREATE OR REPLACE TRIGGER "BLOODBANK"."INSERT_DEMO_PROD" 
BEFORE INSERT ON demo_product_info
FOR EACH ROW
DECLARE
  prod_id number;
BEGIN
  SELECT demo_prod_seq.nextval
    INTO prod_id
    FROM dual;
  :new.PRODUCT_ID := prod_id;
END;
/
ALTER TRIGGER "BLOODBANK"."INSERT_DEMO_PROD" ENABLE;
--------------------------------------------------------
--  DDL for Trigger BI_DEMO_USERS
--------------------------------------------------------

  CREATE OR REPLACE TRIGGER "BLOODBANK"."BI_DEMO_USERS" 
BEFORE
insert on "DEMO_USERS"
for each row
begin
begin
  for c1 in (
    select DEMO_USERS_SEQ.nextval next_val
    from dual
  ) loop
    :new.USER_ID :=  c1.next_val;
    :new.admin_user := 'N';
    :new.created_on := sysdate;
  end loop;
end;
end;
/
ALTER TRIGGER "BLOODBANK"."BI_DEMO_USERS" ENABLE;
--------------------------------------------------------
--  DDL for Trigger DEMO_USERS_T1
--------------------------------------------------------

  CREATE OR REPLACE TRIGGER "BLOODBANK"."DEMO_USERS_T1" 
BEFORE
insert or update on "DEMO_USERS"
for each row
begin
:NEW.user_name := upper(:NEW.user_name);
end;
/
ALTER TRIGGER "BLOODBANK"."DEMO_USERS_T1" ENABLE;
--------------------------------------------------------
--  Constraints for Table BB_EMPLOYEE
--------------------------------------------------------

  ALTER TABLE "BLOODBANK"."BB_EMPLOYEE" ADD CONSTRAINT "BB_EMPLOYEE_PK" PRIMARY KEY ("BBE_ID")
  USING INDEX PCTFREE 10 INITRANS 2 MAXTRANS 255 COMPUTE STATISTICS 
  STORAGE(INITIAL 65536 NEXT 1048576 MINEXTENTS 1 MAXEXTENTS 2147483645
  PCTINCREASE 0 FREELISTS 1 FREELIST GROUPS 1 BUFFER_POOL DEFAULT FLASH_CACHE DEFAULT CELL_FLASH_CACHE DEFAULT)
  TABLESPACE "USERS"  ENABLE;
  ALTER TABLE "BLOODBANK"."BB_EMPLOYEE" MODIFY ("USER_ID" NOT NULL ENABLE);
  ALTER TABLE "BLOODBANK"."BB_EMPLOYEE" MODIFY ("BB_ID" NOT NULL ENABLE);
  ALTER TABLE "BLOODBANK"."BB_EMPLOYEE" MODIFY ("BBE_ID" NOT NULL ENABLE);
--------------------------------------------------------
--  Constraints for Table BLOOD_BANK
--------------------------------------------------------

  ALTER TABLE "BLOODBANK"."BLOOD_BANK" MODIFY ("DELETED" NOT NULL ENABLE);
  ALTER TABLE "BLOODBANK"."BLOOD_BANK" ADD CONSTRAINT "BLOOD_BANK_PK" PRIMARY KEY ("BB_ID")
  USING INDEX PCTFREE 10 INITRANS 2 MAXTRANS 255 COMPUTE STATISTICS 
  STORAGE(INITIAL 65536 NEXT 1048576 MINEXTENTS 1 MAXEXTENTS 2147483645
  PCTINCREASE 0 FREELISTS 1 FREELIST GROUPS 1 BUFFER_POOL DEFAULT FLASH_CACHE DEFAULT CELL_FLASH_CACHE DEFAULT)
  TABLESPACE "USERS"  ENABLE;
  ALTER TABLE "BLOODBANK"."BLOOD_BANK" MODIFY ("CREATED_DATE" NOT NULL ENABLE);
  ALTER TABLE "BLOODBANK"."BLOOD_BANK" MODIFY ("CREATED_BY" NOT NULL ENABLE);
  ALTER TABLE "BLOODBANK"."BLOOD_BANK" MODIFY ("STATUS" NOT NULL ENABLE);
  ALTER TABLE "BLOODBANK"."BLOOD_BANK" MODIFY ("CONTACT" NOT NULL ENABLE);
  ALTER TABLE "BLOODBANK"."BLOOD_BANK" MODIFY ("LOC_ID" NOT NULL ENABLE);
  ALTER TABLE "BLOODBANK"."BLOOD_BANK" MODIFY ("CITY_ID" NOT NULL ENABLE);
  ALTER TABLE "BLOODBANK"."BLOOD_BANK" MODIFY ("STATE_ID" NOT NULL ENABLE);
  ALTER TABLE "BLOODBANK"."BLOOD_BANK" MODIFY ("BB_NAME" NOT NULL ENABLE);
  ALTER TABLE "BLOODBANK"."BLOOD_BANK" MODIFY ("BB_ID" NOT NULL ENABLE);
--------------------------------------------------------
--  Constraints for Table BLOOD_REQUEST
--------------------------------------------------------

  ALTER TABLE "BLOODBANK"."BLOOD_REQUEST" ADD CONSTRAINT "BLOOD_REQUEST_PK" PRIMARY KEY ("BR_ID")
  USING INDEX PCTFREE 10 INITRANS 2 MAXTRANS 255 COMPUTE STATISTICS 
  STORAGE(INITIAL 65536 NEXT 1048576 MINEXTENTS 1 MAXEXTENTS 2147483645
  PCTINCREASE 0 FREELISTS 1 FREELIST GROUPS 1 BUFFER_POOL DEFAULT FLASH_CACHE DEFAULT CELL_FLASH_CACHE DEFAULT)
  TABLESPACE "USERS"  ENABLE;
  ALTER TABLE "BLOODBANK"."BLOOD_REQUEST" MODIFY ("REQ_DATE" NOT NULL ENABLE);
  ALTER TABLE "BLOODBANK"."BLOOD_REQUEST" MODIFY ("REQ_STATUS" NOT NULL ENABLE);
  ALTER TABLE "BLOODBANK"."BLOOD_REQUEST" MODIFY ("QTY" NOT NULL ENABLE);
  ALTER TABLE "BLOODBANK"."BLOOD_REQUEST" MODIFY ("BLD_GROUP" NOT NULL ENABLE);
  ALTER TABLE "BLOODBANK"."BLOOD_REQUEST" MODIFY ("CONTACT" NOT NULL ENABLE);
  ALTER TABLE "BLOODBANK"."BLOOD_REQUEST" MODIFY ("BB_ID" NOT NULL ENABLE);
  ALTER TABLE "BLOODBANK"."BLOOD_REQUEST" MODIFY ("REG_ID" NOT NULL ENABLE);
  ALTER TABLE "BLOODBANK"."BLOOD_REQUEST" MODIFY ("BR_ID" NOT NULL ENABLE);
  ALTER TABLE "BLOODBANK"."BLOOD_REQUEST" MODIFY ("ASSIGNTO_EMP" NOT NULL ENABLE);
--------------------------------------------------------
--  Constraints for Table CITY_INFO
--------------------------------------------------------

  ALTER TABLE "BLOODBANK"."CITY_INFO" ADD CONSTRAINT "CITY_INFO_PK" PRIMARY KEY ("CITY_ID")
  USING INDEX PCTFREE 10 INITRANS 2 MAXTRANS 255 COMPUTE STATISTICS 
  STORAGE(INITIAL 65536 NEXT 1048576 MINEXTENTS 1 MAXEXTENTS 2147483645
  PCTINCREASE 0 FREELISTS 1 FREELIST GROUPS 1 BUFFER_POOL DEFAULT FLASH_CACHE DEFAULT CELL_FLASH_CACHE DEFAULT)
  TABLESPACE "USERS"  ENABLE;
  ALTER TABLE "BLOODBANK"."CITY_INFO" MODIFY ("STATE_ID" NOT NULL ENABLE);
  ALTER TABLE "BLOODBANK"."CITY_INFO" MODIFY ("CITY_NAME" NOT NULL ENABLE);
  ALTER TABLE "BLOODBANK"."CITY_INFO" MODIFY ("CITY_ID" NOT NULL ENABLE);
--------------------------------------------------------
--  Constraints for Table DEMO_CUSTOMERS
--------------------------------------------------------

  ALTER TABLE "BLOODBANK"."DEMO_CUSTOMERS" ADD CONSTRAINT "DEMO_CUSTOMERS_PK" PRIMARY KEY ("CUSTOMER_ID")
  USING INDEX PCTFREE 10 INITRANS 2 MAXTRANS 255 COMPUTE STATISTICS 
  STORAGE(INITIAL 65536 NEXT 1048576 MINEXTENTS 1 MAXEXTENTS 2147483645
  PCTINCREASE 0 FREELISTS 1 FREELIST GROUPS 1 BUFFER_POOL DEFAULT FLASH_CACHE DEFAULT CELL_FLASH_CACHE DEFAULT)
  TABLESPACE "USERS"  ENABLE;
  ALTER TABLE "BLOODBANK"."DEMO_CUSTOMERS" ADD CONSTRAINT "DEMO_CUST_CREDIT_LIMIT_MAX" CHECK (credit_limit <= 5000) ENABLE;
  ALTER TABLE "BLOODBANK"."DEMO_CUSTOMERS" MODIFY ("CUST_LAST_NAME" NOT NULL ENABLE);
  ALTER TABLE "BLOODBANK"."DEMO_CUSTOMERS" MODIFY ("CUST_FIRST_NAME" NOT NULL ENABLE);
  ALTER TABLE "BLOODBANK"."DEMO_CUSTOMERS" MODIFY ("CUSTOMER_ID" NOT NULL ENABLE);
--------------------------------------------------------
--  Constraints for Table DEMO_ORDER_ITEMS
--------------------------------------------------------

  ALTER TABLE "BLOODBANK"."DEMO_ORDER_ITEMS" ADD CONSTRAINT "DEMO_ORDER_ITEMS_PK" PRIMARY KEY ("ORDER_ITEM_ID")
  USING INDEX PCTFREE 10 INITRANS 2 MAXTRANS 255 COMPUTE STATISTICS 
  STORAGE(INITIAL 65536 NEXT 1048576 MINEXTENTS 1 MAXEXTENTS 2147483645
  PCTINCREASE 0 FREELISTS 1 FREELIST GROUPS 1 BUFFER_POOL DEFAULT FLASH_CACHE DEFAULT CELL_FLASH_CACHE DEFAULT)
  TABLESPACE "USERS"  ENABLE;
  ALTER TABLE "BLOODBANK"."DEMO_ORDER_ITEMS" MODIFY ("QUANTITY" NOT NULL ENABLE);
  ALTER TABLE "BLOODBANK"."DEMO_ORDER_ITEMS" MODIFY ("UNIT_PRICE" NOT NULL ENABLE);
  ALTER TABLE "BLOODBANK"."DEMO_ORDER_ITEMS" MODIFY ("PRODUCT_ID" NOT NULL ENABLE);
  ALTER TABLE "BLOODBANK"."DEMO_ORDER_ITEMS" MODIFY ("ORDER_ID" NOT NULL ENABLE);
  ALTER TABLE "BLOODBANK"."DEMO_ORDER_ITEMS" MODIFY ("ORDER_ITEM_ID" NOT NULL ENABLE);
--------------------------------------------------------
--  Constraints for Table DEMO_ORDERS
--------------------------------------------------------

  ALTER TABLE "BLOODBANK"."DEMO_ORDERS" ADD CONSTRAINT "DEMO_ORDER_PK" PRIMARY KEY ("ORDER_ID")
  USING INDEX PCTFREE 10 INITRANS 2 MAXTRANS 255 COMPUTE STATISTICS 
  STORAGE(INITIAL 65536 NEXT 1048576 MINEXTENTS 1 MAXEXTENTS 2147483645
  PCTINCREASE 0 FREELISTS 1 FREELIST GROUPS 1 BUFFER_POOL DEFAULT FLASH_CACHE DEFAULT CELL_FLASH_CACHE DEFAULT)
  TABLESPACE "USERS"  ENABLE;
  ALTER TABLE "BLOODBANK"."DEMO_ORDERS" ADD CONSTRAINT "DEMO_ORDER_TOTAL_MIN" CHECK (order_total >= 0) ENABLE;
  ALTER TABLE "BLOODBANK"."DEMO_ORDERS" MODIFY ("CUSTOMER_ID" NOT NULL ENABLE);
  ALTER TABLE "BLOODBANK"."DEMO_ORDERS" MODIFY ("ORDER_ID" NOT NULL ENABLE);
--------------------------------------------------------
--  Constraints for Table DEMO_PRODUCT_INFO
--------------------------------------------------------

  ALTER TABLE "BLOODBANK"."DEMO_PRODUCT_INFO" ADD CONSTRAINT "DEMO_PRODUCT_INFO_PK" PRIMARY KEY ("PRODUCT_ID")
  USING INDEX PCTFREE 10 INITRANS 2 MAXTRANS 255 COMPUTE STATISTICS 
  STORAGE(INITIAL 65536 NEXT 1048576 MINEXTENTS 1 MAXEXTENTS 2147483645
  PCTINCREASE 0 FREELISTS 1 FREELIST GROUPS 1 BUFFER_POOL DEFAULT FLASH_CACHE DEFAULT CELL_FLASH_CACHE DEFAULT)
  TABLESPACE "USERS"  ENABLE;
  ALTER TABLE "BLOODBANK"."DEMO_PRODUCT_INFO" MODIFY ("PRODUCT_ID" NOT NULL ENABLE);
--------------------------------------------------------
--  Constraints for Table DEMO_USERS
--------------------------------------------------------

  ALTER TABLE "BLOODBANK"."DEMO_USERS" ADD CONSTRAINT "DEMO_USERS_PK" PRIMARY KEY ("USER_ID")
  USING INDEX PCTFREE 10 INITRANS 2 MAXTRANS 255 COMPUTE STATISTICS 
  STORAGE(INITIAL 65536 NEXT 1048576 MINEXTENTS 1 MAXEXTENTS 2147483645
  PCTINCREASE 0 FREELISTS 1 FREELIST GROUPS 1 BUFFER_POOL DEFAULT FLASH_CACHE DEFAULT CELL_FLASH_CACHE DEFAULT)
  TABLESPACE "USERS"  ENABLE;
--------------------------------------------------------
--  Constraints for Table DEPT
--------------------------------------------------------

  ALTER TABLE "BLOODBANK"."DEPT" ADD PRIMARY KEY ("DEPTNO")
  USING INDEX PCTFREE 10 INITRANS 2 MAXTRANS 255 COMPUTE STATISTICS 
  STORAGE(INITIAL 65536 NEXT 1048576 MINEXTENTS 1 MAXEXTENTS 2147483645
  PCTINCREASE 0 FREELISTS 1 FREELIST GROUPS 1 BUFFER_POOL DEFAULT FLASH_CACHE DEFAULT CELL_FLASH_CACHE DEFAULT)
  TABLESPACE "USERS"  ENABLE;
--------------------------------------------------------
--  Constraints for Table DONATION
--------------------------------------------------------

  ALTER TABLE "BLOODBANK"."DONATION" MODIFY ("AVAILABLITY" NOT NULL ENABLE);
  ALTER TABLE "BLOODBANK"."DONATION" MODIFY ("STATUS" NOT NULL ENABLE);
  ALTER TABLE "BLOODBANK"."DONATION" ADD CONSTRAINT "DONATION_PK" PRIMARY KEY ("D_ID")
  USING INDEX PCTFREE 10 INITRANS 2 MAXTRANS 255 COMPUTE STATISTICS 
  STORAGE(INITIAL 65536 NEXT 1048576 MINEXTENTS 1 MAXEXTENTS 2147483645
  PCTINCREASE 0 FREELISTS 1 FREELIST GROUPS 1 BUFFER_POOL DEFAULT FLASH_CACHE DEFAULT CELL_FLASH_CACHE DEFAULT)
  TABLESPACE "USERS"  ENABLE;
  ALTER TABLE "BLOODBANK"."DONATION" MODIFY ("PROCESSED_BY" NOT NULL ENABLE);
  ALTER TABLE "BLOODBANK"."DONATION" MODIFY ("D_DATE" NOT NULL ENABLE);
  ALTER TABLE "BLOODBANK"."DONATION" MODIFY ("QTY" NOT NULL ENABLE);
  ALTER TABLE "BLOODBANK"."DONATION" MODIFY ("BGROUP" NOT NULL ENABLE);
  ALTER TABLE "BLOODBANK"."DONATION" MODIFY ("BB_ID" NOT NULL ENABLE);
  ALTER TABLE "BLOODBANK"."DONATION" MODIFY ("REG_ID" NOT NULL ENABLE);
  ALTER TABLE "BLOODBANK"."DONATION" MODIFY ("D_ID" NOT NULL ENABLE);
--------------------------------------------------------
--  Constraints for Table EMP
--------------------------------------------------------

  ALTER TABLE "BLOODBANK"."EMP" ADD PRIMARY KEY ("EMPNO")
  USING INDEX PCTFREE 10 INITRANS 2 MAXTRANS 255 COMPUTE STATISTICS 
  STORAGE(INITIAL 65536 NEXT 1048576 MINEXTENTS 1 MAXEXTENTS 2147483645
  PCTINCREASE 0 FREELISTS 1 FREELIST GROUPS 1 BUFFER_POOL DEFAULT FLASH_CACHE DEFAULT CELL_FLASH_CACHE DEFAULT)
  TABLESPACE "USERS"  ENABLE;
  ALTER TABLE "BLOODBANK"."EMP" MODIFY ("EMPNO" NOT NULL ENABLE);
--------------------------------------------------------
--  Constraints for Table EMPDON_ASSIGNMENT
--------------------------------------------------------

  ALTER TABLE "BLOODBANK"."EMPDON_ASSIGNMENT" ADD CONSTRAINT "EMPDON_ASSIGNMENT_PK" PRIMARY KEY ("EDA_ID")
  USING INDEX PCTFREE 10 INITRANS 2 MAXTRANS 255 COMPUTE STATISTICS 
  STORAGE(INITIAL 65536 NEXT 1048576 MINEXTENTS 1 MAXEXTENTS 2147483645
  PCTINCREASE 0 FREELISTS 1 FREELIST GROUPS 1 BUFFER_POOL DEFAULT FLASH_CACHE DEFAULT CELL_FLASH_CACHE DEFAULT)
  TABLESPACE "USERS"  ENABLE;
  ALTER TABLE "BLOODBANK"."EMPDON_ASSIGNMENT" MODIFY ("DONREQ_ID" NOT NULL ENABLE);
  ALTER TABLE "BLOODBANK"."EMPDON_ASSIGNMENT" MODIFY ("EMP_ID" NOT NULL ENABLE);
  ALTER TABLE "BLOODBANK"."EMPDON_ASSIGNMENT" MODIFY ("USER_ID" NOT NULL ENABLE);
  ALTER TABLE "BLOODBANK"."EMPDON_ASSIGNMENT" MODIFY ("EDA_ID" NOT NULL ENABLE);
--------------------------------------------------------
--  Constraints for Table EMPREQ_ASSIGNMENT
--------------------------------------------------------

  ALTER TABLE "BLOODBANK"."EMPREQ_ASSIGNMENT" MODIFY ("APP_DATE" NOT NULL ENABLE);
  ALTER TABLE "BLOODBANK"."EMPREQ_ASSIGNMENT" ADD CONSTRAINT "EMPLOYEE_ASSIGNMENT_PK" PRIMARY KEY ("EA_ID")
  USING INDEX PCTFREE 10 INITRANS 2 MAXTRANS 255 COMPUTE STATISTICS 
  STORAGE(INITIAL 65536 NEXT 1048576 MINEXTENTS 1 MAXEXTENTS 2147483645
  PCTINCREASE 0 FREELISTS 1 FREELIST GROUPS 1 BUFFER_POOL DEFAULT FLASH_CACHE DEFAULT CELL_FLASH_CACHE DEFAULT)
  TABLESPACE "USERS"  ENABLE;
  ALTER TABLE "BLOODBANK"."EMPREQ_ASSIGNMENT" MODIFY ("REQ_ID" NOT NULL ENABLE);
  ALTER TABLE "BLOODBANK"."EMPREQ_ASSIGNMENT" MODIFY ("E_ID" NOT NULL ENABLE);
  ALTER TABLE "BLOODBANK"."EMPREQ_ASSIGNMENT" MODIFY ("U_ID" NOT NULL ENABLE);
  ALTER TABLE "BLOODBANK"."EMPREQ_ASSIGNMENT" MODIFY ("EA_ID" NOT NULL ENABLE);
  ALTER TABLE "BLOODBANK"."EMPREQ_ASSIGNMENT" MODIFY ("REQ_STATUS" NOT NULL ENABLE);
--------------------------------------------------------
--  Constraints for Table FEEDBACK
--------------------------------------------------------

  ALTER TABLE "BLOODBANK"."FEEDBACK" MODIFY ("FEEDBACK" NOT NULL ENABLE);
  ALTER TABLE "BLOODBANK"."FEEDBACK" MODIFY ("EMAIL" NOT NULL ENABLE);
  ALTER TABLE "BLOODBANK"."FEEDBACK" MODIFY ("NAME" NOT NULL ENABLE);
  ALTER TABLE "BLOODBANK"."FEEDBACK" MODIFY ("F_ID" NOT NULL ENABLE);
--------------------------------------------------------
--  Constraints for Table INQUIRY
--------------------------------------------------------

  ALTER TABLE "BLOODBANK"."INQUIRY" ADD CONSTRAINT "INQUIRY_PK" PRIMARY KEY ("INQ_ID")
  USING INDEX PCTFREE 10 INITRANS 2 MAXTRANS 255 COMPUTE STATISTICS 
  STORAGE(INITIAL 65536 NEXT 1048576 MINEXTENTS 1 MAXEXTENTS 2147483645
  PCTINCREASE 0 FREELISTS 1 FREELIST GROUPS 1 BUFFER_POOL DEFAULT FLASH_CACHE DEFAULT CELL_FLASH_CACHE DEFAULT)
  TABLESPACE "USERS"  ENABLE;
  ALTER TABLE "BLOODBANK"."INQUIRY" MODIFY ("INQ_STATUS" NOT NULL ENABLE);
  ALTER TABLE "BLOODBANK"."INQUIRY" MODIFY ("INQ_DATE" NOT NULL ENABLE);
  ALTER TABLE "BLOODBANK"."INQUIRY" MODIFY ("EMAIL" NOT NULL ENABLE);
  ALTER TABLE "BLOODBANK"."INQUIRY" MODIFY ("INQUIRY" NOT NULL ENABLE);
  ALTER TABLE "BLOODBANK"."INQUIRY" MODIFY ("INQ_SUBJECT" NOT NULL ENABLE);
  ALTER TABLE "BLOODBANK"."INQUIRY" MODIFY ("INQUIRED_BY" NOT NULL ENABLE);
  ALTER TABLE "BLOODBANK"."INQUIRY" MODIFY ("INQ_ID" NOT NULL ENABLE);
--------------------------------------------------------
--  Constraints for Table LOCATION_INFO
--------------------------------------------------------

  ALTER TABLE "BLOODBANK"."LOCATION_INFO" MODIFY ("PIN_CODE" NOT NULL ENABLE);
  ALTER TABLE "BLOODBANK"."LOCATION_INFO" ADD CONSTRAINT "LOCATION_INFO_PK" PRIMARY KEY ("LOC_ID")
  USING INDEX PCTFREE 10 INITRANS 2 MAXTRANS 255 COMPUTE STATISTICS 
  STORAGE(INITIAL 65536 NEXT 1048576 MINEXTENTS 1 MAXEXTENTS 2147483645
  PCTINCREASE 0 FREELISTS 1 FREELIST GROUPS 1 BUFFER_POOL DEFAULT FLASH_CACHE DEFAULT CELL_FLASH_CACHE DEFAULT)
  TABLESPACE "USERS"  ENABLE;
  ALTER TABLE "BLOODBANK"."LOCATION_INFO" MODIFY ("CITY_ID" NOT NULL ENABLE);
  ALTER TABLE "BLOODBANK"."LOCATION_INFO" MODIFY ("LOC_NAME" NOT NULL ENABLE);
  ALTER TABLE "BLOODBANK"."LOCATION_INFO" MODIFY ("LOC_ID" NOT NULL ENABLE);
--------------------------------------------------------
--  Constraints for Table LOGIN_DETAIL
--------------------------------------------------------

  ALTER TABLE "BLOODBANK"."LOGIN_DETAIL" MODIFY ("STATUS" NOT NULL ENABLE);
  ALTER TABLE "BLOODBANK"."LOGIN_DETAIL" ADD CONSTRAINT "LOGIN_DETAIL_PK" PRIMARY KEY ("USER_ID")
  USING INDEX PCTFREE 10 INITRANS 2 MAXTRANS 255 COMPUTE STATISTICS 
  STORAGE(INITIAL 65536 NEXT 1048576 MINEXTENTS 1 MAXEXTENTS 2147483645
  PCTINCREASE 0 FREELISTS 1 FREELIST GROUPS 1 BUFFER_POOL DEFAULT FLASH_CACHE DEFAULT CELL_FLASH_CACHE DEFAULT)
  TABLESPACE "USERS"  ENABLE;
  ALTER TABLE "BLOODBANK"."LOGIN_DETAIL" MODIFY ("USER_ROLE" NOT NULL ENABLE);
  ALTER TABLE "BLOODBANK"."LOGIN_DETAIL" MODIFY ("PROFILE_ID" NOT NULL ENABLE);
  ALTER TABLE "BLOODBANK"."LOGIN_DETAIL" MODIFY ("ANSWER" NOT NULL ENABLE);
  ALTER TABLE "BLOODBANK"."LOGIN_DETAIL" MODIFY ("SEC_QUESTION" NOT NULL ENABLE);
  ALTER TABLE "BLOODBANK"."LOGIN_DETAIL" MODIFY ("PASSWORD" NOT NULL ENABLE);
  ALTER TABLE "BLOODBANK"."LOGIN_DETAIL" MODIFY ("USER_ID" NOT NULL ENABLE);
--------------------------------------------------------
--  Constraints for Table REGISTRATION
--------------------------------------------------------

  ALTER TABLE "BLOODBANK"."REGISTRATION" ADD CONSTRAINT "REGISTRATION_PK" PRIMARY KEY ("REG_ID")
  USING INDEX PCTFREE 10 INITRANS 2 MAXTRANS 255 COMPUTE STATISTICS 
  STORAGE(INITIAL 65536 NEXT 1048576 MINEXTENTS 1 MAXEXTENTS 2147483645
  PCTINCREASE 0 FREELISTS 1 FREELIST GROUPS 1 BUFFER_POOL DEFAULT FLASH_CACHE DEFAULT CELL_FLASH_CACHE DEFAULT)
  TABLESPACE "USERS"  ENABLE;
  ALTER TABLE "BLOODBANK"."REGISTRATION" MODIFY ("PINCODE" NOT NULL ENABLE);
  ALTER TABLE "BLOODBANK"."REGISTRATION" MODIFY ("STATE" NOT NULL ENABLE);
  ALTER TABLE "BLOODBANK"."REGISTRATION" MODIFY ("CITY" NOT NULL ENABLE);
  ALTER TABLE "BLOODBANK"."REGISTRATION" MODIFY ("ADDRESS" NOT NULL ENABLE);
  ALTER TABLE "BLOODBANK"."REGISTRATION" MODIFY ("GENDER" NOT NULL ENABLE);
  ALTER TABLE "BLOODBANK"."REGISTRATION" MODIFY ("BIRTH_DATE" NOT NULL ENABLE);
  ALTER TABLE "BLOODBANK"."REGISTRATION" MODIFY ("EMAIL" NOT NULL ENABLE);
  ALTER TABLE "BLOODBANK"."REGISTRATION" MODIFY ("CONTACT" NOT NULL ENABLE);
  ALTER TABLE "BLOODBANK"."REGISTRATION" MODIFY ("NAME" NOT NULL ENABLE);
  ALTER TABLE "BLOODBANK"."REGISTRATION" MODIFY ("REG_ID" NOT NULL ENABLE);
--------------------------------------------------------
--  Constraints for Table STATE_INFO
--------------------------------------------------------

  ALTER TABLE "BLOODBANK"."STATE_INFO" ADD CONSTRAINT "STATE_INFO_PK" PRIMARY KEY ("STATE_ID")
  USING INDEX PCTFREE 10 INITRANS 2 MAXTRANS 255 COMPUTE STATISTICS 
  STORAGE(INITIAL 65536 NEXT 1048576 MINEXTENTS 1 MAXEXTENTS 2147483645
  PCTINCREASE 0 FREELISTS 1 FREELIST GROUPS 1 BUFFER_POOL DEFAULT FLASH_CACHE DEFAULT CELL_FLASH_CACHE DEFAULT)
  TABLESPACE "USERS"  ENABLE;
  ALTER TABLE "BLOODBANK"."STATE_INFO" MODIFY ("STATE_NAME" NOT NULL ENABLE);
  ALTER TABLE "BLOODBANK"."STATE_INFO" MODIFY ("STATE_ID" NOT NULL ENABLE);
